This is XeTeX, Version 3.141592653-2.6-0.999997 (TeX Live 2025) (preloaded format=xelatex 2025.12.21)  28 AUG 2026 16:25
entering extended mode
 \write18 enabled.
 %&-line parsing enabled.
**main.tex
(./main.tex
LaTeX2e <2025-11-01>
L3 programming layer <2025-11-14>
(./XJTU-thesis.cls
(/usr/local/texlive/2025/texmf-dist/tex/latex/l3kernel/expl3.sty
Package: expl3 2025-11-14 L3 programming layer (loader) 

(/usr/local/texlive/2025/texmf-dist/tex/latex/l3backend/l3backend-xetex.def
File: l3backend-xetex.def 2025-10-09 L3 backend support: XeTeX
\g__graphics_track_int=\count271
\g__pdfannot_backend_int=\count272
\g__pdfannot_backend_link_int=\count273
))
Document Class: XJTU-thesis 2021/07/16 1.2.4 Xi'an Jiaotong University Template

(/usr/local/texlive/2025/texmf-dist/tex/latex/base/book.cls
Document Class: book 2025/01/22 v1.4n Standard LaTeX document class
(/usr/local/texlive/2025/texmf-dist/tex/latex/base/bk12.clo
File: bk12.clo 2025/01/22 v1.4n Standard LaTeX file (size option)
)
\c@part=\count274
\c@chapter=\count275
\c@section=\count276
\c@subsection=\count277
\c@subsubsection=\count278
\c@paragraph=\count279
\c@subparagraph=\count280
\c@figure=\count281
\c@table=\count282
\abovecaptionskip=\skip49
\belowcaptionskip=\skip50
\bibindent=\dimen148
)
(/usr/local/texlive/2025/texmf-dist/tex/generic/iftex/ifxetex.sty
Package: ifxetex 2019/10/25 v0.7 ifxetex legacy package. Use iftex instead.

(/usr/local/texlive/2025/texmf-dist/tex/generic/iftex/iftex.sty
Package: iftex 2024/12/12 v1.0g TeX engine tests
))
(/usr/local/texlive/2025/texmf-dist/tex/latex/xcolor/xcolor.sty
Package: xcolor 2024/09/29 v3.02 LaTeX color extensions (UK)

(/usr/local/texlive/2025/texmf-dist/tex/latex/graphics-cfg/color.cfg
File: color.cfg 2016/01/02 v1.6 sample color configuration
)

Package xcolor Warning: Package option `usenames' is obsolete and ignored on in
put line 265.

Package xcolor Info: Driver file: xetex.def on input line 274.
(/usr/local/texlive/2025/texmf-dist/tex/latex/graphics-def/xetex.def
File: xetex.def 2025/11/01 v5.0p Graphics/color driver for xetex
)
(/usr/local/texlive/2025/texmf-dist/tex/latex/graphics/mathcolor.ltx)
Package xcolor Info: Model `cmy' substituted by `cmy0' on input line 1349.
Package xcolor Info: Model `RGB' extended on input line 1365.
Package xcolor Info: Model `HTML' substituted by `rgb' on input line 1367.
Package xcolor Info: Model `Hsb' substituted by `hsb' on input line 1368.
Package xcolor Info: Model `tHsb' substituted by `hsb' on input line 1369.
Package xcolor Info: Model `HSB' substituted by `hsb' on input line 1370.
Package xcolor Info: Model `Gray' substituted by `gray' on input line 1371.
Package xcolor Info: Model `wave' substituted by `hsb' on input line 1372.
)
(/usr/local/texlive/2025/texmf-dist/tex/latex/graphics/dvipsnam.def
File: dvipsnam.def 2016/06/17 v3.0m Driver-dependent file (DPC,SPQR)
)
(/usr/local/texlive/2025/texmf-dist/tex/latex/xcolor/svgnam.def
File: svgnam.def 2024/09/29 v3.02 Predefined colors according to SVG 1.1 (UK)
)
(/usr/local/texlive/2025/texmf-dist/tex/latex/colortbl/colortbl.sty
Package: colortbl 2024/10/29 v1.0k Color table columns (DPC)

(/usr/local/texlive/2025/texmf-dist/tex/latex/tools/array.sty
Package: array 2025/09/25 v2.6n Tabular extension package (FMi)
\col@sep=\dimen149
\ar@mcellbox=\box53
\extrarowheight=\dimen150
\NC@list=\toks17
\extratabsurround=\skip51
\backup@length=\skip52
\ar@cellbox=\box54
)
\everycr=\toks18
\minrowclearance=\skip53
\rownum=\count283
)
(/usr/local/texlive/2025/texmf-dist/tex/latex/pgf/frontendlayer/tikz.sty
(/usr/local/texlive/2025/texmf-dist/tex/latex/pgf/basiclayer/pgf.sty
(/usr/local/texlive/2025/texmf-dist/tex/latex/pgf/utilities/pgfrcs.sty
(/usr/local/texlive/2025/texmf-dist/tex/generic/pgf/utilities/pgfutil-common.te
x
\pgfutil@everybye=\toks19
\pgfutil@tempdima=\dimen151
\pgfutil@tempdimb=\dimen152
)
(/usr/local/texlive/2025/texmf-dist/tex/generic/pgf/utilities/pgfutil-latex.def
\pgfutil@abb=\box55
) (/usr/local/texlive/2025/texmf-dist/tex/generic/pgf/utilities/pgfrcs.code.tex
(/usr/local/texlive/2025/texmf-dist/tex/generic/pgf/pgf.revision.tex)
Package: pgfrcs 2025-08-29 v3.1.11a (3.1.11a)
))
Package: pgf 2025-08-29 v3.1.11a (3.1.11a)

(/usr/local/texlive/2025/texmf-dist/tex/latex/pgf/basiclayer/pgfcore.sty
(/usr/local/texlive/2025/texmf-dist/tex/latex/graphics/graphicx.sty
Package: graphicx 2024/12/31 v1.2e Enhanced LaTeX Graphics (DPC,SPQR)

(/usr/local/texlive/2025/texmf-dist/tex/latex/graphics/keyval.sty
Package: keyval 2022/05/29 v1.15 key=value parser (DPC)
\KV@toks@=\toks20
)
(/usr/local/texlive/2025/texmf-dist/tex/latex/graphics/graphics.sty
Package: graphics 2024/08/06 v1.4g Standard LaTeX Graphics (DPC,SPQR)

(/usr/local/texlive/2025/texmf-dist/tex/latex/graphics/trig.sty
Package: trig 2023/12/02 v1.11 sin cos tan (DPC)
)
(/usr/local/texlive/2025/texmf-dist/tex/latex/graphics-cfg/graphics.cfg
File: graphics.cfg 2016/06/04 v1.11 sample graphics configuration
)
Package graphics Info: Driver file: xetex.def on input line 106.
)
\Gin@req@height=\dimen153
\Gin@req@width=\dimen154
)
(/usr/local/texlive/2025/texmf-dist/tex/latex/pgf/systemlayer/pgfsys.sty
(/usr/local/texlive/2025/texmf-dist/tex/generic/pgf/systemlayer/pgfsys.code.tex
Package: pgfsys 2025-08-29 v3.1.11a (3.1.11a)
(/usr/local/texlive/2025/texmf-dist/tex/generic/pgf/utilities/pgfkeys.code.tex
\pgfkeys@pathtoks=\toks21
\pgfkeys@temptoks=\toks22

(/usr/local/texlive/2025/texmf-dist/tex/generic/pgf/utilities/pgfkeyslibraryfil
tered.code.tex
\pgfkeys@tmptoks=\toks23
))
\pgf@x=\dimen155
\pgf@y=\dimen156
\pgf@xa=\dimen157
\pgf@ya=\dimen158
\pgf@xb=\dimen159
\pgf@yb=\dimen160
\pgf@xc=\dimen161
\pgf@yc=\dimen162
\pgf@xd=\dimen163
\pgf@yd=\dimen164
\w@pgf@writea=\write3
\r@pgf@reada=\read2
\c@pgf@counta=\count284
\c@pgf@countb=\count285
\c@pgf@countc=\count286
\c@pgf@countd=\count287
\t@pgf@toka=\toks24
\t@pgf@tokb=\toks25
\t@pgf@tokc=\toks26
\pgf@sys@id@count=\count288

(/usr/local/texlive/2025/texmf-dist/tex/generic/pgf/systemlayer/pgf.cfg
File: pgf.cfg 2025-08-29 v3.1.11a (3.1.11a)
)
Driver file for pgf: pgfsys-xetex.def

(/usr/local/texlive/2025/texmf-dist/tex/generic/pgf/systemlayer/pgfsys-xetex.de
f
File: pgfsys-xetex.def 2025-08-29 v3.1.11a (3.1.11a)

(/usr/local/texlive/2025/texmf-dist/tex/generic/pgf/systemlayer/pgfsys-dvipdfmx
.def
File: pgfsys-dvipdfmx.def 2025-08-29 v3.1.11a (3.1.11a)

(/usr/local/texlive/2025/texmf-dist/tex/generic/pgf/systemlayer/pgfsys-common-p
df.def
File: pgfsys-common-pdf.def 2025-08-29 v3.1.11a (3.1.11a)
)
\pgfsys@objnum=\count289
)))
(/usr/local/texlive/2025/texmf-dist/tex/generic/pgf/systemlayer/pgfsyssoftpath.
code.tex
File: pgfsyssoftpath.code.tex 2025-08-29 v3.1.11a (3.1.11a)
\pgfsyssoftpath@smallbuffer@items=\count290
\pgfsyssoftpath@bigbuffer@items=\count291
)
(/usr/local/texlive/2025/texmf-dist/tex/generic/pgf/systemlayer/pgfsysprotocol.
code.tex
File: pgfsysprotocol.code.tex 2025-08-29 v3.1.11a (3.1.11a)
))
(/usr/local/texlive/2025/texmf-dist/tex/generic/pgf/basiclayer/pgfcore.code.tex
Package: pgfcore 2025-08-29 v3.1.11a (3.1.11a)
(/usr/local/texlive/2025/texmf-dist/tex/generic/pgf/math/pgfmath.code.tex
(/usr/local/texlive/2025/texmf-dist/tex/generic/pgf/math/pgfmathutil.code.tex)
(/usr/local/texlive/2025/texmf-dist/tex/generic/pgf/math/pgfmathparser.code.tex
\pgfmath@dimen=\dimen165
\pgfmath@count=\count292
\pgfmath@box=\box56
\pgfmath@toks=\toks27
\pgfmath@stack@operand=\toks28
\pgfmath@stack@operation=\toks29
)
(/usr/local/texlive/2025/texmf-dist/tex/generic/pgf/math/pgfmathfunctions.code.
tex)
(/usr/local/texlive/2025/texmf-dist/tex/generic/pgf/math/pgfmathfunctions.basic
.code.tex)
(/usr/local/texlive/2025/texmf-dist/tex/generic/pgf/math/pgfmathfunctions.trigo
nometric.code.tex)
(/usr/local/texlive/2025/texmf-dist/tex/generic/pgf/math/pgfmathfunctions.rando
m.code.tex)
(/usr/local/texlive/2025/texmf-dist/tex/generic/pgf/math/pgfmathfunctions.compa
rison.code.tex)
(/usr/local/texlive/2025/texmf-dist/tex/generic/pgf/math/pgfmathfunctions.base.
code.tex)
(/usr/local/texlive/2025/texmf-dist/tex/generic/pgf/math/pgfmathfunctions.round
.code.tex)
(/usr/local/texlive/2025/texmf-dist/tex/generic/pgf/math/pgfmathfunctions.misc.
code.tex)
(/usr/local/texlive/2025/texmf-dist/tex/generic/pgf/math/pgfmathfunctions.integ
erarithmetics.code.tex)
(/usr/local/texlive/2025/texmf-dist/tex/generic/pgf/math/pgfmathcalc.code.tex)
(/usr/local/texlive/2025/texmf-dist/tex/generic/pgf/math/pgfmathfloat.code.tex
\c@pgfmathroundto@lastzeros=\count293
)) (/usr/local/texlive/2025/texmf-dist/tex/generic/pgf/math/pgfint.code.tex)
(/usr/local/texlive/2025/texmf-dist/tex/generic/pgf/basiclayer/pgfcorepoints.co
de.tex
File: pgfcorepoints.code.tex 2025-08-29 v3.1.11a (3.1.11a)
\pgf@picminx=\dimen166
\pgf@picmaxx=\dimen167
\pgf@picminy=\dimen168
\pgf@picmaxy=\dimen169
\pgf@pathminx=\dimen170
\pgf@pathmaxx=\dimen171
\pgf@pathminy=\dimen172
\pgf@pathmaxy=\dimen173
\pgf@xx=\dimen174
\pgf@xy=\dimen175
\pgf@yx=\dimen176
\pgf@yy=\dimen177
\pgf@zx=\dimen178
\pgf@zy=\dimen179
)
(/usr/local/texlive/2025/texmf-dist/tex/generic/pgf/basiclayer/pgfcorepathconst
ruct.code.tex
File: pgfcorepathconstruct.code.tex 2025-08-29 v3.1.11a (3.1.11a)
\pgf@path@lastx=\dimen180
\pgf@path@lasty=\dimen181
)
(/usr/local/texlive/2025/texmf-dist/tex/generic/pgf/basiclayer/pgfcorepathusage
.code.tex
File: pgfcorepathusage.code.tex 2025-08-29 v3.1.11a (3.1.11a)
\pgf@shorten@end@additional=\dimen182
\pgf@shorten@start@additional=\dimen183
)
(/usr/local/texlive/2025/texmf-dist/tex/generic/pgf/basiclayer/pgfcorescopes.co
de.tex
File: pgfcorescopes.code.tex 2025-08-29 v3.1.11a (3.1.11a)
\pgfpic=\box57
\pgf@hbox=\box58
\pgf@layerbox@main=\box59
\pgf@picture@serial@count=\count294
)
(/usr/local/texlive/2025/texmf-dist/tex/generic/pgf/basiclayer/pgfcoregraphicst
ate.code.tex
File: pgfcoregraphicstate.code.tex 2025-08-29 v3.1.11a (3.1.11a)
\pgflinewidth=\dimen184
)
(/usr/local/texlive/2025/texmf-dist/tex/generic/pgf/basiclayer/pgfcoretransform
ations.code.tex
File: pgfcoretransformations.code.tex 2025-08-29 v3.1.11a (3.1.11a)
\pgf@pt@x=\dimen185
\pgf@pt@y=\dimen186
\pgf@pt@temp=\dimen187
)
(/usr/local/texlive/2025/texmf-dist/tex/generic/pgf/basiclayer/pgfcorequick.cod
e.tex
File: pgfcorequick.code.tex 2025-08-29 v3.1.11a (3.1.11a)
)
(/usr/local/texlive/2025/texmf-dist/tex/generic/pgf/basiclayer/pgfcoreobjects.c
ode.tex
File: pgfcoreobjects.code.tex 2025-08-29 v3.1.11a (3.1.11a)
)
(/usr/local/texlive/2025/texmf-dist/tex/generic/pgf/basiclayer/pgfcorepathproce
ssing.code.tex
File: pgfcorepathprocessing.code.tex 2025-08-29 v3.1.11a (3.1.11a)
)
(/usr/local/texlive/2025/texmf-dist/tex/generic/pgf/basiclayer/pgfcorearrows.co
de.tex
File: pgfcorearrows.code.tex 2025-08-29 v3.1.11a (3.1.11a)
\pgfarrowsep=\dimen188
)
(/usr/local/texlive/2025/texmf-dist/tex/generic/pgf/basiclayer/pgfcoreshade.cod
e.tex
File: pgfcoreshade.code.tex 2025-08-29 v3.1.11a (3.1.11a)
\pgf@max=\dimen189
\pgf@sys@shading@range@num=\count295
\pgf@shadingcount=\count296
)
(/usr/local/texlive/2025/texmf-dist/tex/generic/pgf/basiclayer/pgfcoreimage.cod
e.tex
File: pgfcoreimage.code.tex 2025-08-29 v3.1.11a (3.1.11a)
)
(/usr/local/texlive/2025/texmf-dist/tex/generic/pgf/basiclayer/pgfcoreexternal.
code.tex
File: pgfcoreexternal.code.tex 2025-08-29 v3.1.11a (3.1.11a)
\pgfexternal@startupbox=\box60
)
(/usr/local/texlive/2025/texmf-dist/tex/generic/pgf/basiclayer/pgfcorelayers.co
de.tex
File: pgfcorelayers.code.tex 2025-08-29 v3.1.11a (3.1.11a)
)
(/usr/local/texlive/2025/texmf-dist/tex/generic/pgf/basiclayer/pgfcoretranspare
ncy.code.tex
File: pgfcoretransparency.code.tex 2025-08-29 v3.1.11a (3.1.11a)
)
(/usr/local/texlive/2025/texmf-dist/tex/generic/pgf/basiclayer/pgfcorepatterns.
code.tex
File: pgfcorepatterns.code.tex 2025-08-29 v3.1.11a (3.1.11a)
)
(/usr/local/texlive/2025/texmf-dist/tex/generic/pgf/basiclayer/pgfcorerdf.code.
tex
File: pgfcorerdf.code.tex 2025-08-29 v3.1.11a (3.1.11a)
)))
(/usr/local/texlive/2025/texmf-dist/tex/generic/pgf/modules/pgfmoduleshapes.cod
e.tex
File: pgfmoduleshapes.code.tex 2025-08-29 v3.1.11a (3.1.11a)
\pgfnodeparttextbox=\box61
)
(/usr/local/texlive/2025/texmf-dist/tex/generic/pgf/modules/pgfmoduleplot.code.
tex
File: pgfmoduleplot.code.tex 2025-08-29 v3.1.11a (3.1.11a)
)
(/usr/local/texlive/2025/texmf-dist/tex/latex/pgf/compatibility/pgfcomp-version
-0-65.sty
Package: pgfcomp-version-0-65 2025-08-29 v3.1.11a (3.1.11a)
\pgf@nodesepstart=\dimen190
\pgf@nodesepend=\dimen191
)
(/usr/local/texlive/2025/texmf-dist/tex/latex/pgf/compatibility/pgfcomp-version
-1-18.sty
Package: pgfcomp-version-1-18 2025-08-29 v3.1.11a (3.1.11a)
))
(/usr/local/texlive/2025/texmf-dist/tex/latex/pgf/utilities/pgffor.sty
(/usr/local/texlive/2025/texmf-dist/tex/latex/pgf/utilities/pgfkeys.sty
(/usr/local/texlive/2025/texmf-dist/tex/generic/pgf/utilities/pgfkeys.code.tex)
) (/usr/local/texlive/2025/texmf-dist/tex/latex/pgf/math/pgfmath.sty
(/usr/local/texlive/2025/texmf-dist/tex/generic/pgf/math/pgfmath.code.tex))
(/usr/local/texlive/2025/texmf-dist/tex/generic/pgf/utilities/pgffor.code.tex
Package: pgffor 2025-08-29 v3.1.11a (3.1.11a)
\pgffor@iter=\dimen192
\pgffor@skip=\dimen193
\pgffor@stack=\toks30
\pgffor@toks=\toks31
))
(/usr/local/texlive/2025/texmf-dist/tex/generic/pgf/frontendlayer/tikz/tikz.cod
e.tex
Package: tikz 2025-08-29 v3.1.11a (3.1.11a)

(/usr/local/texlive/2025/texmf-dist/tex/generic/pgf/libraries/pgflibraryplothan
dlers.code.tex
File: pgflibraryplothandlers.code.tex 2025-08-29 v3.1.11a (3.1.11a)
\pgf@plot@mark@count=\count297
\pgfplotmarksize=\dimen194
)
\tikz@lastx=\dimen195
\tikz@lasty=\dimen196
\tikz@lastxsaved=\dimen197
\tikz@lastysaved=\dimen198
\tikz@lastmovetox=\dimen199
\tikz@lastmovetoy=\dimen256
\tikzleveldistance=\dimen257
\tikzsiblingdistance=\dimen258
\tikz@figbox=\box62
\tikz@figbox@bg=\box63
\tikz@tempbox=\box64
\tikz@tempbox@bg=\box65
\tikztreelevel=\count298
\tikznumberofchildren=\count299
\tikznumberofcurrentchild=\count300
\tikz@fig@count=\count301

(/usr/local/texlive/2025/texmf-dist/tex/generic/pgf/modules/pgfmodulematrix.cod
e.tex
File: pgfmodulematrix.code.tex 2025-08-29 v3.1.11a (3.1.11a)
\pgfmatrixcurrentrow=\count302
\pgfmatrixcurrentcolumn=\count303
\pgf@matrix@numberofcolumns=\count304
)
\tikz@expandcount=\count305

(/usr/local/texlive/2025/texmf-dist/tex/generic/pgf/frontendlayer/tikz/librarie
s/tikzlibrarytopaths.code.tex
File: tikzlibrarytopaths.code.tex 2025-08-29 v3.1.11a (3.1.11a)
)))
(/usr/local/texlive/2025/texmf-dist/tex/latex/tikz-3dplot/tikz-3dplot.sty
(/usr/local/texlive/2025/texmf-dist/tex/latex/base/ifthen.sty
Package: ifthen 2024/03/16 v1.1e Standard LaTeX ifthen package (DPC)
)
(/usr/local/texlive/2025/texmf-dist/tex/generic/pgf/frontendlayer/tikz/librarie
s/tikzlibrarycalc.code.tex
File: tikzlibrarycalc.code.tex 2025-08-29 v3.1.11a (3.1.11a)
)
(/usr/local/texlive/2025/texmf-dist/tex/generic/pgf/frontendlayer/tikz/librarie
s/tikzlibrary3d.code.tex
File: tikzlibrary3d.code.tex 2025-08-29 v3.1.11a (3.1.11a)
)
(/usr/local/texlive/2025/texmf-dist/tex/generic/pgf/frontendlayer/tikz/librarie
s/tikzlibraryarrows.code.tex
File: tikzlibraryarrows.code.tex 2025-08-29 v3.1.11a (3.1.11a)

(/usr/local/texlive/2025/texmf-dist/tex/generic/pgf/libraries/pgflibraryarrows.
code.tex
File: pgflibraryarrows.code.tex 2025-08-29 v3.1.11a (3.1.11a)
\arrowsize=\dimen259
)))
(/usr/local/texlive/2025/texmf-dist/tex/generic/pgf/frontendlayer/tikz/librarie
s/tikzlibraryshapes.code.tex
File: tikzlibraryshapes.code.tex 2025-08-29 v3.1.11a (3.1.11a)

(/usr/local/texlive/2025/texmf-dist/tex/generic/pgf/frontendlayer/tikz/librarie
s/tikzlibraryshapes.geometric.code.tex
File: tikzlibraryshapes.geometric.code.tex 2025-08-29 v3.1.11a (3.1.11a)

(/usr/local/texlive/2025/texmf-dist/tex/generic/pgf/libraries/shapes/pgflibrary
shapes.geometric.code.tex
File: pgflibraryshapes.geometric.code.tex 2025-08-29 v3.1.11a (3.1.11a)
))
(/usr/local/texlive/2025/texmf-dist/tex/generic/pgf/frontendlayer/tikz/librarie
s/tikzlibraryshapes.misc.code.tex
File: tikzlibraryshapes.misc.code.tex 2025-08-29 v3.1.11a (3.1.11a)

(/usr/local/texlive/2025/texmf-dist/tex/generic/pgf/libraries/shapes/pgflibrary
shapes.misc.code.tex
File: pgflibraryshapes.misc.code.tex 2025-08-29 v3.1.11a (3.1.11a)
))
(/usr/local/texlive/2025/texmf-dist/tex/generic/pgf/frontendlayer/tikz/librarie
s/tikzlibraryshapes.symbols.code.tex
File: tikzlibraryshapes.symbols.code.tex 2025-08-29 v3.1.11a (3.1.11a)

(/usr/local/texlive/2025/texmf-dist/tex/generic/pgf/libraries/shapes/pgflibrary
shapes.symbols.code.tex
File: pgflibraryshapes.symbols.code.tex 2025-08-29 v3.1.11a (3.1.11a)
))
(/usr/local/texlive/2025/texmf-dist/tex/generic/pgf/frontendlayer/tikz/librarie
s/tikzlibraryshapes.arrows.code.tex
File: tikzlibraryshapes.arrows.code.tex 2025-08-29 v3.1.11a (3.1.11a)

(/usr/local/texlive/2025/texmf-dist/tex/generic/pgf/libraries/shapes/pgflibrary
shapes.arrows.code.tex
File: pgflibraryshapes.arrows.code.tex 2025-08-29 v3.1.11a (3.1.11a)
))
(/usr/local/texlive/2025/texmf-dist/tex/generic/pgf/frontendlayer/tikz/librarie
s/tikzlibraryshapes.callouts.code.tex
(/usr/local/texlive/2025/texmf-dist/tex/generic/pgf/libraries/shapes/pgflibrary
shapes.callouts.code.tex))
(/usr/local/texlive/2025/texmf-dist/tex/generic/pgf/frontendlayer/tikz/librarie
s/tikzlibraryshapes.multipart.code.tex
File: tikzlibraryshapes.multipart.code.tex 2025-08-29 v3.1.11a (3.1.11a)

(/usr/local/texlive/2025/texmf-dist/tex/generic/pgf/libraries/shapes/pgflibrary
shapes.multipart.code.tex
File: pgflibraryshapes.multipart.code.tex 2025-08-29 v3.1.11a (3.1.11a)
\pgfnodepartlowerbox=\box66
\pgfnodeparttwobox=\box67
\pgfnodepartthreebox=\box68
\pgfnodepartfourbox=\box69
\pgfnodeparttwentybox=\box70
\pgfnodepartnineteenbox=\box71
\pgfnodeparteighteenbox=\box72
\pgfnodepartseventeenbox=\box73
\pgfnodepartsixteenbox=\box74
\pgfnodepartfifteenbox=\box75
\pgfnodepartfourteenbox=\box76
\pgfnodepartthirteenbox=\box77
\pgfnodeparttwelvebox=\box78
\pgfnodepartelevenbox=\box79
\pgfnodeparttenbox=\box80
\pgfnodepartninebox=\box81
\pgfnodeparteightbox=\box82
\pgfnodepartsevenbox=\box83
\pgfnodepartsixbox=\box84
\pgfnodepartfivebox=\box85
)))
(/usr/local/texlive/2025/texmf-dist/tex/generic/pgf/frontendlayer/tikz/librarie
s/tikzlibrarypositioning.code.tex
File: tikzlibrarypositioning.code.tex 2025-08-29 v3.1.11a (3.1.11a)
)
(/usr/local/texlive/2025/texmf-dist/tex/latex/zhnumber/zhnumber.sty
Package: zhnumber 2022/07/14 v3.0 Typesetting numbers with Chinese glyphs
\l__zhnum_scale_int=\count306
\l__zhnum_tmp_int=\count307

(/usr/local/texlive/2025/texmf-dist/tex/latex/zhnumber/zhnumber-utf8.cfg
File: zhnumber-utf8.cfg 2022/07/14 v3.0 Chinese numerals with UTF8 encoding
))
(/usr/local/texlive/2025/texmf-dist/tex/latex/datetime2/datetime2.sty
Package: datetime2 2021/03/21 v1.5.7 (NLCT) date and time formats

(/usr/local/texlive/2025/texmf-dist/tex/latex/tracklang/tracklang.sty
Package: tracklang 2025/03/11 v1.6.6 (NLCT) Track Languages

(/usr/local/texlive/2025/texmf-dist/tex/generic/tracklang/tracklang.tex))
(/usr/local/texlive/2025/texmf-dist/tex/latex/etoolbox/etoolbox.sty
Package: etoolbox 2025/10/02 v2.5m e-TeX tools for LaTeX (JAW)
\etb@tempcnta=\count308
)
(/usr/local/texlive/2025/texmf-dist/tex/latex/xkeyval/xkeyval.sty
Package: xkeyval 2025/11/04 v2.10 package option processing (HA)

(/usr/local/texlive/2025/texmf-dist/tex/generic/xkeyval/xkeyval.tex
(/usr/local/texlive/2025/texmf-dist/tex/generic/xkeyval/xkvutils.tex
\XKV@toks=\toks32
\XKV@tempa@toks=\toks33
\XKV@tempb@toks=\toks34
)
\XKV@depth=\count309
File: xkeyval.tex 2014/12/03 v2.7a key=value parser (HA)
)))
(/usr/local/texlive/2025/texmf-dist/tex/latex/tools/indentfirst.sty
Package: indentfirst 2023/07/02 v1.03 Indent first paragraph (DPC)
)
(/usr/local/texlive/2025/texmf-dist/tex/latex/setspace/setspace.sty
Package: setspace 2022/12/04 v6.7b set line spacing
)
(/usr/local/texlive/2025/texmf-dist/tex/latex/xpatch/xpatch.sty
Package: xpatch 2020/03/25 v0.3a Extending etoolbox patching commands

(/usr/local/texlive/2025/texmf-dist/tex/latex/l3packages/xparse/xparse.sty
Package: xparse 2025-10-09 L3 Experimental document command parser
))
(/usr/local/texlive/2025/texmf-dist/tex/latex/tools/calc.sty
Package: calc 2025/03/01 v4.3b Infix arithmetic (KKT,FJ)
\calc@Acount=\count310
\calc@Bcount=\count311
\calc@Adimen=\dimen260
\calc@Bdimen=\dimen261
\calc@Askip=\skip54
\calc@Bskip=\skip55
LaTeX Info: Redefining \setlength on input line 86.
LaTeX Info: Redefining \addtolength on input line 87.
\calc@Ccount=\count312
\calc@Cskip=\skip56
)
(/usr/local/texlive/2025/texmf-dist/tex/generic/ulem/ulem.sty
\UL@box=\box86
\UL@hyphenbox=\box87
\UL@skip=\skip57
\UL@hook=\toks35
\UL@height=\dimen262
\UL@pe=\count313
\UL@pixel=\dimen263
\ULC@box=\box88
Package: ulem 2019/11/18
\ULdepth=\dimen264
)
(/usr/local/texlive/2025/texmf-dist/tex/latex/realboxes/realboxes.sty
Package: realboxes 2011/08/08 v0.2 Change box commands to read there content as
 real boxes

(/usr/local/texlive/2025/texmf-dist/tex/latex/collectbox/collectbox.sty
Package: collectbox 2022/10/17 v0.4c Collect macro arguments as boxes
\collectedbox=\box89
)
(/usr/local/texlive/2025/texmf-dist/tex/latex/adjustbox/adjcalc.sty
Package: adjcalc 2012/05/16 v1.1 Provides advanced setlength with multiple back
-ends (calc, etex, pgfmath)
))
(/usr/local/texlive/2025/texmf-dist/tex/latex/blindtext/blindtext.sty
Package: blindtext 2012/01/06 V2.0 blindtext-Package

(/usr/local/texlive/2025/texmf-dist/tex/latex/tools/xspace.sty
Package: xspace 2014/10/28 v1.13 Space after command names (DPC,MH)
)
\c@blindtext=\count314
\c@Blindtext=\count315
\c@blind@countparstart=\count316
\blind@countxx=\count317
\blindtext@numBlindtext=\count318
\blind@countyy=\count319
\c@blindlist=\count320
\c@blindlistlevel=\count321
\c@blindlist@level=\count322
\blind@listitem=\count323
\c@blind@listcount=\count324
\c@blind@levelcount=\count325
\blind@mathformula=\count326
\blind@Mathformula=\count327
\c@blind@randomcount=\count328
\c@blind@randommax=\count329
\c@blind@pangramcount=\count330
\c@blind@pangrammax=\count331
)
(/usr/local/texlive/2025/texmf-dist/tex/latex/zhlipsum/zhlipsum.sty
Package: zhlipsum 2020/04/10 v1.2.0 Chinese dummy text

(/usr/local/texlive/2025/texmf-dist/tex/latex/l3packages/l3keys2e/l3keys2e.sty
Package: l3keys2e 2025-10-09 LaTeX2e option processing using LaTeX3 keys
)
\l__zhlipsum_begin_int=\count332
\l__zhlipsum_end_int=\count333
\l__zhlipsum_max_int=\count334
(/usr/local/texlive/2025/texmf-dist/tex/latex/zhlipsum/zhlipsum-utf8.def
File: zhlipsum-utf8.def 2020/04/10 v1.2.0 Chinese dummy text with UTF-8 encodin
g (for zhlipsum)
\g__zhlipsum_simp_int=\count335

Package zhlipsum Info: Chinese dummy text "simp" is created. It has 50
(zhlipsum)             paragraphs.

\g__zhlipsum_trad_int=\count336

Package zhlipsum Info: Chinese dummy text "trad" is created. It has 50
(zhlipsum)             paragraphs.

\g__zhlipsum_nanshanjing_int=\count337

Package zhlipsum Info: Chinese dummy text "nanshanjing" is created. It has 43
(zhlipsum)             paragraphs.

\g__zhlipsum_xiangyu_int=\count338

Package zhlipsum Info: Chinese dummy text "xiangyu" is created. It has 45
(zhlipsum)             paragraphs.

\g__zhlipsum_zhufu_int=\count339

Package zhlipsum Info: Chinese dummy text "zhufu" is created. It has 110
(zhlipsum)             paragraphs.

\g__zhlipsum_aspirin_int=\count340

Package zhlipsum Info: Chinese dummy text "aspirin" is created. It has 66
(zhlipsum)             paragraphs.

))
(/usr/local/texlive/2025/texmf-dist/tex/latex/amsmath/amsmath.sty
Package: amsmath 2025/07/09 v2.17z AMS math features
\@mathmargin=\skip58

For additional information on amsmath, use the `?' option.
(/usr/local/texlive/2025/texmf-dist/tex/latex/amsmath/amstext.sty
Package: amstext 2024/11/17 v2.01 AMS text

(/usr/local/texlive/2025/texmf-dist/tex/latex/amsmath/amsgen.sty
File: amsgen.sty 1999/11/30 v2.0 generic functions
\@emptytoks=\toks36
\ex@=\dimen265
))
(/usr/local/texlive/2025/texmf-dist/tex/latex/amsmath/amsbsy.sty
Package: amsbsy 1999/11/29 v1.2d Bold Symbols
\pmbraise@=\dimen266
)
(/usr/local/texlive/2025/texmf-dist/tex/latex/amsmath/amsopn.sty
Package: amsopn 2022/04/08 v2.04 operator names
)
\inf@bad=\count341
LaTeX Info: Redefining \frac on input line 233.
\uproot@=\count342
\leftroot@=\count343
LaTeX Info: Redefining \overline on input line 398.
LaTeX Info: Redefining \colon on input line 409.
\classnum@=\count344
\DOTSCASE@=\count345
LaTeX Info: Redefining \ldots on input line 495.
LaTeX Info: Redefining \dots on input line 498.
LaTeX Info: Redefining \cdots on input line 619.
\Mathstrutbox@=\box90
\strutbox@=\box91
LaTeX Info: Redefining \big on input line 721.
LaTeX Info: Redefining \Big on input line 722.
LaTeX Info: Redefining \bigg on input line 723.
LaTeX Info: Redefining \Bigg on input line 724.
\big@size=\dimen267
LaTeX Font Info:    Redeclaring font encoding OML on input line 742.
LaTeX Font Info:    Redeclaring font encoding OMS on input line 743.
\macc@depth=\count346
LaTeX Info: Redefining \bmod on input line 904.
LaTeX Info: Redefining \pmod on input line 909.
LaTeX Info: Redefining \smash on input line 939.
LaTeX Info: Redefining \relbar on input line 969.
LaTeX Info: Redefining \Relbar on input line 970.
\c@MaxMatrixCols=\count347
\dotsspace@=\muskip17
\c@parentequation=\count348
\dspbrk@lvl=\count349
\tag@help=\toks37
\row@=\count350
\column@=\count351
\maxfields@=\count352
\andhelp@=\toks38
\eqnshift@=\dimen268
\alignsep@=\dimen269
\tagshift@=\dimen270
\tagwidth@=\dimen271
\totwidth@=\dimen272
\lineht@=\dimen273
\@envbody=\toks39
\multlinegap=\skip59
\multlinetaggap=\skip60
\mathdisplay@stack=\toks40
LaTeX Info: Redefining \[ on input line 2950.
LaTeX Info: Redefining \] on input line 2951.
)
(/usr/local/texlive/2025/texmf-dist/tex/latex/amsfonts/amssymb.sty
Package: amssymb 2013/01/14 v3.01 AMS font symbols

(/usr/local/texlive/2025/texmf-dist/tex/latex/amsfonts/amsfonts.sty
Package: amsfonts 2013/01/14 v3.01 Basic AMSFonts support
\symAMSa=\mathgroup4
\symAMSb=\mathgroup5
LaTeX Font Info:    Redeclaring math symbol \hbar on input line 98.
LaTeX Font Info:    Overwriting math alphabet `\mathfrak' in version `bold'
(Font)                  U/euf/m/n --> U/euf/b/n on input line 106.
))
(/usr/local/texlive/2025/texmf-dist/tex/latex/amscls/amsthm.sty
Package: amsthm 2020/05/29 v2.20.6
\thm@style=\toks41
\thm@bodyfont=\toks42
\thm@headfont=\toks43
\thm@notefont=\toks44
\thm@headpunct=\toks45
\thm@preskip=\skip61
\thm@postskip=\skip62
\thm@headsep=\skip63
\dth@everypar=\toks46
)
(/usr/local/texlive/2025/texmf-dist/tex/latex/thmtools/thmtools.sty
Package: thmtools 2023/05/04 v0.76
\thmt@toks=\toks47
\c@thmt@dummyctr=\count353

(/usr/local/texlive/2025/texmf-dist/tex/latex/thmtools/thm-patch.sty
Package: thm-patch 2023/05/04 v0.76

(/usr/local/texlive/2025/texmf-dist/tex/latex/thmtools/parseargs.sty
Package: parseargs 2023/05/04 v0.76
\@parsespec=\toks48
))
(/usr/local/texlive/2025/texmf-dist/tex/latex/thmtools/thm-kv.sty
Package: thm-kv 2023/05/04 v0.76
Package thm-kv Info: Theorem names will be uppercased on input line 42.

(/usr/local/texlive/2025/texmf-dist/tex/latex/kvsetkeys/kvsetkeys.sty
Package: kvsetkeys 2022-10-05 v1.19 Key value parser (HO)
)
Package thm-kv Info: kvsetkeys patch (v1.16 or later) on input line 158.
)
(/usr/local/texlive/2025/texmf-dist/tex/latex/thmtools/thm-autoref.sty
Package: thm-autoref 2023/05/04 v0.76

(/usr/local/texlive/2025/texmf-dist/tex/latex/thmtools/aliasctr.sty
Package: aliasctr 2023/05/04 v0.76
))
(/usr/local/texlive/2025/texmf-dist/tex/latex/thmtools/thm-listof.sty
Package: thm-listof 2023/05/04 v0.76
)
(/usr/local/texlive/2025/texmf-dist/tex/latex/thmtools/thm-restate.sty
Package: thm-restate 2023/05/04 v0.76
)
(/usr/local/texlive/2025/texmf-dist/tex/latex/thmtools/thm-amsthm.sty
Package: thm-amsthm 2023/05/04 v0.76
\thmt@style@headstyle=\toks49
))
(/usr/local/texlive/2025/texmf-dist/tex/latex/glossaries/base/glossaries.sty
Package: glossaries 2025/11/09 v4.9 (NLCT)

(/usr/local/texlive/2025/texmf-dist/tex/latex/mfirstuc/mfirstuc.sty
Package: mfirstuc 2025/04/03 v2.09 (NLCT)
\@glsmfirst=\toks50
\@glsmrest=\toks51
)
(/usr/local/texlive/2025/texmf-dist/tex/latex/xfor/xfor.sty
Package: xfor 2009/02/05 v1.05 (NLCT)
)
(/usr/local/texlive/2025/texmf-dist/tex/latex/datatool/datatool-base.sty
Package: datatool-base 2025/12/04 v3.4.3 (NLCT)
\l__datatool_tmpa_int=\count354
\l__datatool_tmpb_int=\count355
\l__datatool_tmpc_int=\count356
\l__datatool_tmpd_int=\count357
\l__datatool_count_int=\count358
\l__datatool_tmp_datatype_int=\count359
\l__datatool_tmpa_dim=\dimen274
\l__datatool_tmpb_dim=\dimen275

(/usr/local/texlive/2025/texmf-dist/tex/latex/datatool/datatool-l3fp.def
File: datatool-l3fp.def 2025/12/04 v3.4.3 (NLCT)
)
\@dtl@toks=\toks52
\@dtl@tmpcount=\count360
\dtl@tmplength=\skip64
\l__datatool_measure_box=\box92
\dtl@sortresult=\count361

(/usr/local/texlive/2025/texmf-dist/tex/latex/datatool/datatool-utf8.ldf
File: datatool-utf8.ldf 2025/12/04 v3.4.3 (NLCT)
)
\@dtl@datatype=\count362
\c_datatool_unknown_int=\count363
\l__datatool_year_int=\count364
\l__datatool_month_int=\count365
\l__datatool_day_int=\count366
\l__datatool_hour_int=\count367
\l__datatool_minute_int=\count368
\l__datatool_second_int=\count369
\l__datatool_tzhour_int=\count370
\l__datatool_tzminute_int=\count371
\l__datatool_julian_int=\count372
\l__datatool_local_julian_int=\count373
\l__datatool_prefix_int=\count374
\l__datatool_suffix_int=\count375
\@dtl@foreach@level=\count376
\dtl@codeA=\count377
\dtl@codeB=\count378
)
\gls@level=\count379
\@gls@tmpb=\toks53
\gls@tmplen=\skip65
\l__glossaries_tmpa_dim=\dimen276
\l__glossaries_tmpb_dim=\dimen277
\glskeylisttok=\toks54
\glslabeltok=\toks55
\glsshorttok=\toks56
\glslongtok=\toks57

(/usr/local/texlive/2025/texmf-dist/tex/latex/glossaries/styles/glossary-hypern
av.sty
Package: glossary-hypernav 2025/11/09 v4.9 (NLCT)
)
(/usr/local/texlive/2025/texmf-dist/tex/latex/glossaries/styles/glossary-list.s
ty
Package: glossary-list 2025/11/09 v4.9 (NLCT)
\glslistdottedwidth=\skip66
)
(/usr/local/texlive/2025/texmf-dist/tex/latex/glossaries/styles/glossary-long.s
ty
Package: glossary-long 2025/11/09 v4.9 (NLCT)
 (/usr/local/texlive/2025/texmf-dist/tex/latex/tools/longtable.sty
Package: longtable 2025-10-13 v4.24 Multi-page Table package (DPC)
\LTleft=\skip67
\LTright=\skip68
\LTpre=\skip69
\LTpost=\skip70
\LTchunksize=\count380
\LTcapwidth=\dimen278
\LT@head=\box93
\LT@firsthead=\box94
\LT@foot=\box95
\LT@lastfoot=\box96
\LT@gbox=\box97
\LT@cols=\count381
\LT@rows=\count382
\c@LT@tables=\count383
\c@LT@chunks=\count384
\LT@p@ftn=\toks58
)
\glsdescwidth=\skip71
\glspagelistwidth=\skip72
)
(/usr/local/texlive/2025/texmf-dist/tex/latex/glossaries/styles/glossary-super.
sty
Package: glossary-super 2025/11/09 v4.9 (NLCT)
 (/usr/local/texlive/2025/texmf-dist/tex/latex/supertabular/supertabular.sty
Package: supertabular 2024/07/20 v4.2c the supertabular environment
\c@tracingst=\count385
\ST@wd=\dimen279
\ST@rightskip=\skip73
\ST@leftskip=\skip74
\ST@parfillskip=\skip75
\ST@pageleft=\dimen280
\ST@headht=\dimen281
\ST@tailht=\dimen282
\ST@pagesofar=\dimen283
\ST@pboxht=\dimen284
\ST@rowht=\dimen285
\ST@prevht=\dimen286
\ST@toadd=\dimen287
\ST@dimen=\dimen288
\ST@pbox=\box98
))
(/usr/local/texlive/2025/texmf-dist/tex/latex/glossaries/styles/glossary-tree.s
ty
Package: glossary-tree 2025/11/09 v4.9 (NLCT)
\l__glossaries_tree_max_known_level_int=\count386
\l__glossaries_tree_offset_dim=\dimen289
\l__glossaries_tree_namewidth_dim=\dimen290
\l__glossaries_tree_symbolwidth_dim=\dimen291
\l__glossaries_tree_prenamesym_width_dim=\dimen292
\l__glossaries_tree_presubnamesym_width_dim=\dimen293
\l__glossaries_tree_namewidth_padding_dim=\dimen294
\l__glossaries_tree_symbolwidth_padding_dim=\dimen295
\l__glossaries_tree_namesymbolwidth_dim=\dimen296
\l__glossaries_tree_namesymbolwidth_padding_dim=\dimen297
\l__glossaries_tree_level_int=\count387
\glstreeindent=\skip76
)) (/usr/local/texlive/2025/texmf-dist/tex/latex/was/upgreek.sty
Package: upgreek 2003/02/12 v2.0 (WaS)
Package upgreek Info: Using Euler Roman for upright Greek on input line 31.
\symugrf@m=\mathgroup6
LaTeX Font Info:    Overwriting symbol font `ugrf@m' in version `bold'
(Font)                  U/eur/m/n --> U/eur/b/n on input line 38.
)
(/usr/local/texlive/2025/texmf-dist/tex/latex/psnfss/pifont.sty
Package: pifont 2020/03/25 PSNFSS-v9.3 Pi font support (SPQR) 
LaTeX Font Info:    Trying to load font information for U+pzd on input line 63.


(/usr/local/texlive/2025/texmf-dist/tex/latex/psnfss/upzd.fd
File: upzd.fd 2001/06/04 font definitions for U/pzd.
)
LaTeX Font Info:    Trying to load font information for U+psy on input line 64.


(/usr/local/texlive/2025/texmf-dist/tex/latex/psnfss/upsy.fd
File: upsy.fd 2001/06/04 font definitions for U/psy.
))
(/usr/local/texlive/2025/texmf-dist/tex/latex/commath/commath.sty
Invalid UTF-8 byte or sequence at line 6 replaced by U+FFFD.
Invalid UTF-8 byte or sequence at line 9 replaced by U+FFFD.
)
(/usr/local/texlive/2025/texmf-dist/tex/latex/siunitx/siunitx.sty
Package: siunitx 2025-07-09 v3.4.14 A comprehensive (SI) units package
\l__siunitx_number_uncert_offset_int=\count388
\l__siunitx_number_exponent_fixed_int=\count389
\l__siunitx_number_min_decimal_int=\count390
\l__siunitx_number_min_integer_int=\count391
\l__siunitx_number_round_precision_int=\count392
\l__siunitx_number_lower_threshold_int=\count393
\l__siunitx_number_upper_threshold_int=\count394
\l__siunitx_number_group_first_int=\count395
\l__siunitx_number_group_size_int=\count396
\l__siunitx_number_group_minimum_int=\count397
\l__siunitx_angle_tmp_dim=\dimen298
\l__siunitx_angle_marker_box=\box99
\l__siunitx_angle_unit_box=\box100
\l__siunitx_compound_count_int=\count398

(/usr/local/texlive/2025/texmf-dist/tex/latex/translations/translations.sty
Package: translations 2022/02/05 v1.12 internationalization of LaTeX2e packages
 (CN)

(/usr/local/texlive/2025/texmf-dist/tex/generic/pdftexcmds/pdftexcmds.sty
Package: pdftexcmds 2020-06-27 v0.33 Utility functions of pdfTeX for LuaTeX (HO
)

(/usr/local/texlive/2025/texmf-dist/tex/generic/infwarerr/infwarerr.sty
Package: infwarerr 2019/12/03 v1.5 Providing info/warning/error messages (HO)
)
(/usr/local/texlive/2025/texmf-dist/tex/generic/ltxcmds/ltxcmds.sty
Package: ltxcmds 2023-12-04 v1.26 LaTeX kernel commands for general use (HO)
)
Package pdftexcmds Info: \pdf@primitive is available.
Package pdftexcmds Info: \pdf@ifprimitive is available.
Package pdftexcmds Info: \pdfdraftmode not found.
))
\l__siunitx_table_tmp_box=\box101
\l__siunitx_table_tmp_dim=\dimen299
\l__siunitx_table_column_width_dim=\dimen300
\l__siunitx_table_integer_box=\box102
\l__siunitx_table_decimal_box=\box103
\l__siunitx_table_uncert_box=\box104
\l__siunitx_table_before_box=\box105
\l__siunitx_table_after_box=\box106
\l__siunitx_table_before_dim=\dimen301
\l__siunitx_table_carry_dim=\dimen302
\l__siunitx_unit_tmp_int=\count399
\l__siunitx_unit_position_int=\count400
\l__siunitx_unit_total_int=\count401
)
(/usr/local/texlive/2025/texmf-dist/tex/latex/mathtools/mathtools.sty
Package: mathtools 2024/10/04 v1.31 mathematical typesetting tools

(/usr/local/texlive/2025/texmf-dist/tex/latex/mathtools/mhsetup.sty
Package: mhsetup 2021/03/18 v1.4 programming setup (MH)
)
\g_MT_multlinerow_int=\count402
\l_MT_multwidth_dim=\dimen303
\origjot=\skip77
\l_MT_shortvdotswithinadjustabove_dim=\dimen304
\l_MT_shortvdotswithinadjustbelow_dim=\dimen305
\l_MT_above_intertext_sep=\dimen306
\l_MT_below_intertext_sep=\dimen307
\l_MT_above_shortintertext_sep=\dimen308
\l_MT_below_shortintertext_sep=\dimen309
\xmathstrut@box=\box107
\xmathstrut@dim=\dimen310
)
(/usr/local/texlive/2025/texmf-dist/tex/xelatex/mathspec/mathspec.sty
Package: mathspec 2016/12/22 v0.2b LaTeX Package (Mathematics font selection fo
r XeLaTeX)

(/usr/local/texlive/2025/texmf-dist/tex/latex/fontspec/fontspec.sty
Package: fontspec 2025/09/29 v2.9g Font selection for XeLaTeX and LuaLaTeX

(/usr/local/texlive/2025/texmf-dist/tex/latex/fontspec/fontspec-xetex.sty
Package: fontspec-xetex 2025/09/29 v2.9g Font selection for XeLaTeX and LuaLaTe
X
\l__fontspec_script_int=\count403
\l__fontspec_language_int=\count404
\l__fontspec_strnum_int=\count405
\l__fontspec_tmp_int=\count406
\l__fontspec_tmpa_int=\count407
\l__fontspec_tmpb_int=\count408
\l__fontspec_tmpc_int=\count409
\l__fontspec_em_int=\count410
\l__fontspec_emdef_int=\count411
\l__fontspec_strong_int=\count412
\l__fontspec_strongdef_int=\count413
\l__fontspec_tmpa_dim=\dimen311
\l__fontspec_tmpb_dim=\dimen312
\l__fontspec_tmpc_dim=\dimen313

(/usr/local/texlive/2025/texmf-dist/tex/latex/base/fontenc.sty
Package: fontenc 2025/07/18 v2.1d Standard LaTeX package
)
(/usr/local/texlive/2025/texmf-dist/tex/latex/fontspec/fontspec.cfg)))
\c@eu@=\count414
\c@eu@i=\count415
\c@mkern=\count416
)
(/usr/local/texlive/2025/texmf-dist/tex/latex/geometry/geometry.sty
Package: geometry 2020/01/02 v5.9 Page Geometry

(/usr/local/texlive/2025/texmf-dist/tex/generic/iftex/ifvtex.sty
Package: ifvtex 2019/10/25 v1.7 ifvtex legacy package. Use iftex instead.
)
\Gm@cnth=\count417
\Gm@cntv=\count418
\c@Gm@tempcnt=\count419
\Gm@bindingoffset=\dimen314
\Gm@wd@mp=\dimen315
\Gm@odd@mp=\dimen316
\Gm@even@mp=\dimen317
\Gm@layoutwidth=\dimen318
\Gm@layoutheight=\dimen319
\Gm@layouthoffset=\dimen320
\Gm@layoutvoffset=\dimen321
\Gm@dimlist=\toks59
)
(/usr/local/texlive/2025/texmf-dist/tex/latex/ifoddpage/ifoddpage.sty
Package: ifoddpage 2022/10/18 v1.2 Conditionals for odd/even page detection
\c@checkoddpage=\count420
)
(/usr/local/texlive/2025/texmf-dist/tex/latex/emptypage/emptypage.sty
Package: emptypage 2010/05/30 v1.2 Suppress page numbers and headings on empty 
pages
)
(/usr/local/texlive/2025/texmf-dist/tex/latex/pdfpages/pdfpages.sty
Package: pdfpages 2025/07/23 v0.6g Insert pages of external PDF documents (AM)

(/usr/local/texlive/2025/texmf-dist/tex/latex/eso-pic/eso-pic.sty
Package: eso-pic 2025/12/10 v3.0d eso-pic (RN)
\ESO@tempdima=\dimen322
\ESO@tempdimb=\dimen323
)
\AM@pagewidth=\dimen324
\AM@pageheight=\dimen325
\AM@fboxrule=\dimen326

(/usr/local/texlive/2025/texmf-dist/tex/latex/pdfpages/ppxetex.def
File: ppxetex.def 2025/07/23 v0.6g Pdfpages driver for XeTeX (AM)
)
\pdfpages@includegraphics@status=\count421
\AM@pagebox=\box108
\AM@global@opts=\toks60
\AM@pagecnt=\count422
\AM@toc@title=\toks61
\AM@lof@heading=\toks62
\c@AM@survey=\count423
\AM@templatesizebox=\box109
)
(/usr/local/texlive/2025/texmf-dist/tex/xelatex/xecjk/xeCJK.sty
Package: xeCJK 2022/08/05 v3.9.1 Typesetting CJK scripts with XeLaTeX

(/usr/local/texlive/2025/texmf-dist/tex/latex/ctex/ctexhook.sty
Package: ctexhook 2022/07/14 v2.5.10 Document and package hooks (CTEX)
)
(/usr/local/texlive/2025/texmf-dist/tex/latex/l3packages/xtemplate/xtemplate.st
y
Package: xtemplate 2025-10-09 L3 Experimental prototype document functions
)
\l__xeCJK_tmp_int=\count424
\l__xeCJK_tmp_box=\box110
\l__xeCJK_tmp_dim=\dimen327
\l__xeCJK_tmp_skip=\skip78
\g__xeCJK_space_factor_int=\count425
\l__xeCJK_begin_int=\count426
\l__xeCJK_end_int=\count427
\c__xeCJK_CJK_class_int=\XeTeXcharclass1
\c__xeCJK_FullLeft_class_int=\XeTeXcharclass2
\c__xeCJK_FullRight_class_int=\XeTeXcharclass3
\c__xeCJK_HalfLeft_class_int=\XeTeXcharclass4
\c__xeCJK_HalfRight_class_int=\XeTeXcharclass5
\c__xeCJK_NormalSpace_class_int=\XeTeXcharclass6
\c__xeCJK_CM_class_int=\XeTeXcharclass7
\c__xeCJK_HangulJamo_class_int=\XeTeXcharclass8
\l__xeCJK_last_skip=\skip79
\c__xeCJK_none_node=\count428
\g__xeCJK_node_int=\count429
\c__xeCJK_CJK_node_dim=\dimen328
\c__xeCJK_CJK-space_node_dim=\dimen329
\c__xeCJK_default_node_dim=\dimen330
\c__xeCJK_CJK-widow_node_dim=\dimen331
\c__xeCJK_normalspace_node_dim=\dimen332
\c__xeCJK_default-space_node_skip=\skip80
\l__xeCJK_ccglue_skip=\skip81
\l__xeCJK_ecglue_skip=\skip82
\l__xeCJK_punct_kern_skip=\skip83
\l__xeCJK_indent_box=\box111
\l__xeCJK_last_penalty_int=\count430
\l__xeCJK_last_bound_dim=\dimen333
\l__xeCJK_last_kern_dim=\dimen334
\l__xeCJK_widow_penalty_int=\count431

LaTeX template Info: Declaring template type 'xeCJK/punctuation' taking 0
(template)           argument(s) on line 2396.

\l__xeCJK_fixed_punct_width_dim=\dimen335
\l__xeCJK_mixed_punct_width_dim=\dimen336
\l__xeCJK_middle_punct_width_dim=\dimen337
\l__xeCJK_fixed_margin_width_dim=\dimen338
\l__xeCJK_mixed_margin_width_dim=\dimen339
\l__xeCJK_middle_margin_width_dim=\dimen340
\l__xeCJK_bound_punct_width_dim=\dimen341
\l__xeCJK_bound_margin_width_dim=\dimen342
\l__xeCJK_margin_minimum_dim=\dimen343
\l__xeCJK_kerning_total_width_dim=\dimen344
\l__xeCJK_same_align_margin_dim=\dimen345
\l__xeCJK_different_align_margin_dim=\dimen346
\l__xeCJK_kerning_margin_width_dim=\dimen347
\l__xeCJK_kerning_margin_minimum_dim=\dimen348
\l__xeCJK_bound_dim=\dimen349
\l__xeCJK_reverse_bound_dim=\dimen350
\l__xeCJK_margin_dim=\dimen351
\l__xeCJK_minimum_bound_dim=\dimen352
\l__xeCJK_kerning_margin_dim=\dimen353
\g__xeCJK_family_int=\count432
\l__xeCJK_fam_int=\count433
\g__xeCJK_fam_allocation_int=\count434
\l__xeCJK_verb_case_int=\count435
\l__xeCJK_verb_exspace_skip=\skip84
 (/usr/local/texlive/2025/texmf-dist/tex/xelatex/xecjk/xeCJK.cfg
File: xeCJK.cfg 2022/08/05 v3.9.1 Configuration file for xeCJK package
))
(/usr/local/texlive/2025/texmf-dist/tex/latex/base/fontenc.sty
Package: fontenc 2025/07/18 v2.1d Standard LaTeX package
LaTeX Font Info:    Trying to load font information for T1+lmr on input line 11
6.

(/usr/local/texlive/2025/texmf-dist/tex/latex/lm/t1lmr.fd
File: t1lmr.fd 2015/05/01 v1.6.1 Font defs for Latin Modern
))
(/usr/local/texlive/2025/texmf-dist/tex/latex/lm/lmodern.sty
Package: lmodern 2015/05/01 v1.6.1 Latin Modern Fonts
LaTeX Font Info:    Overwriting symbol font `operators' in version `normal'
(Font)                  OT1/cmr/m/n --> OT1/lmr/m/n on input line 22.
LaTeX Font Info:    Overwriting symbol font `letters' in version `normal'
(Font)                  OML/cmm/m/it --> OML/lmm/m/it on input line 23.
LaTeX Font Info:    Overwriting symbol font `symbols' in version `normal'
(Font)                  OMS/cmsy/m/n --> OMS/lmsy/m/n on input line 24.
LaTeX Font Info:    Overwriting symbol font `largesymbols' in version `normal'
(Font)                  OMX/cmex/m/n --> OMX/lmex/m/n on input line 25.
LaTeX Font Info:    Overwriting symbol font `operators' in version `bold'
(Font)                  OT1/cmr/bx/n --> OT1/lmr/bx/n on input line 26.
LaTeX Font Info:    Overwriting symbol font `letters' in version `bold'
(Font)                  OML/cmm/b/it --> OML/lmm/b/it on input line 27.
LaTeX Font Info:    Overwriting symbol font `symbols' in version `bold'
(Font)                  OMS/cmsy/b/n --> OMS/lmsy/b/n on input line 28.
LaTeX Font Info:    Overwriting symbol font `largesymbols' in version `bold'
(Font)                  OMX/cmex/m/n --> OMX/lmex/m/n on input line 29.
LaTeX Font Info:    Overwriting math alphabet `\mathbf' in version `normal'
(Font)                  OT1/cmr/bx/n --> OT1/lmr/bx/n on input line 31.
LaTeX Font Info:    Overwriting math alphabet `\mathsf' in version `normal'
(Font)                  OT1/cmss/m/n --> OT1/lmss/m/n on input line 32.
LaTeX Font Info:    Overwriting math alphabet `\mathit' in version `normal'
(Font)                  OT1/cmr/m/it --> OT1/lmr/m/it on input line 33.
LaTeX Font Info:    Overwriting math alphabet `\mathtt' in version `normal'
(Font)                  OT1/cmtt/m/n --> OT1/lmtt/m/n on input line 34.
LaTeX Font Info:    Overwriting math alphabet `\mathbf' in version `bold'
(Font)                  OT1/cmr/bx/n --> OT1/lmr/bx/n on input line 35.
LaTeX Font Info:    Overwriting math alphabet `\mathsf' in version `bold'
(Font)                  OT1/cmss/bx/n --> OT1/lmss/bx/n on input line 36.
LaTeX Font Info:    Overwriting math alphabet `\mathit' in version `bold'
(Font)                  OT1/cmr/bx/it --> OT1/lmr/bx/it on input line 37.
LaTeX Font Info:    Overwriting math alphabet `\mathtt' in version `bold'
(Font)                  OT1/cmtt/m/n --> OT1/lmtt/m/n on input line 38.
)
(/usr/local/texlive/2025/texmf-dist/tex/latex/anyfontsize/anyfontsize.sty
Invalid UTF-8 byte or sequence at line 3 replaced by U+FFFD.
Invalid UTF-8 byte or sequence at line 3 replaced by U+FFFD.
Package: anyfontsize 2007/11/22 anyfontsize.sty by pts
)
(/usr/local/texlive/2025/texmf-dist/tex/latex/jknapltx/mathrsfs.sty
Package: mathrsfs 1996/01/01 Math RSFS package v1.0 (jk)
\symrsfs=\mathgroup7
)
(/usr/local/texlive/2025/texmf-dist/tex/latex/ctex/ctex.sty
Package: ctex 2022/07/14 v2.5.10 Chinese adapter in LaTeX (CTEX)

(/usr/local/texlive/2025/texmf-dist/tex/latex/ctex/ctexpatch.sty
Package: ctexpatch 2022/07/14 v2.5.10 Patching commands (CTEX)
)
(/usr/local/texlive/2025/texmf-dist/tex/latex/base/fix-cm.sty
Package: fix-cm 2020/11/24 v1.1t fixes to LaTeX

(/usr/local/texlive/2025/texmf-dist/tex/latex/base/ts1enc.def
File: ts1enc.def 2001/06/05 v3.0e (jk/car/fm) Standard LaTeX file
LaTeX Font Info:    Redeclaring font encoding TS1 on input line 47.
LaTeX Encoding Info:    Redeclaring text command \capitalcedilla (encoding TS1)
 on input line 49.
LaTeX Encoding Info:    Redeclaring text command \capitalogonek (encoding TS1) 
on input line 52.
LaTeX Encoding Info:    Redeclaring text command \capitalgrave (encoding TS1) o
n input line 55.
LaTeX Encoding Info:    Redeclaring text command \capitalacute (encoding TS1) o
n input line 56.
LaTeX Encoding Info:    Redeclaring text command \capitalcircumflex (encoding T
S1) on input line 57.
LaTeX Encoding Info:    Redeclaring text command \capitaltilde (encoding TS1) o
n input line 58.
LaTeX Encoding Info:    Redeclaring text command \capitaldieresis (encoding TS1
) on input line 59.
LaTeX Encoding Info:    Redeclaring text command \capitalhungarumlaut (encoding
 TS1) on input line 60.
LaTeX Encoding Info:    Redeclaring text command \capitalring (encoding TS1) on
 input line 61.
LaTeX Encoding Info:    Redeclaring text command \capitalcaron (encoding TS1) o
n input line 62.
LaTeX Encoding Info:    Redeclaring text command \capitalbreve (encoding TS1) o
n input line 63.
LaTeX Encoding Info:    Redeclaring text command \capitalmacron (encoding TS1) 
on input line 64.
LaTeX Encoding Info:    Redeclaring text command \capitaldotaccent (encoding TS
1) on input line 65.
LaTeX Encoding Info:    Redeclaring text command \t (encoding TS1) on input lin
e 66.
LaTeX Encoding Info:    Redeclaring text command \capitaltie (encoding TS1) on 
input line 67.
LaTeX Encoding Info:    Redeclaring text command \newtie (encoding TS1) on inpu
t line 68.
LaTeX Encoding Info:    Redeclaring text command \capitalnewtie (encoding TS1) 
on input line 69.
LaTeX Encoding Info:    Redeclaring text symbol \textcapitalcompwordmark (encod
ing TS1) on input line 70.
LaTeX Encoding Info:    Redeclaring text symbol \textascendercompwordmark (enco
ding TS1) on input line 71.
LaTeX Encoding Info:    Redeclaring text symbol \textquotestraightbase (encodin
g TS1) on input line 72.
LaTeX Encoding Info:    Redeclaring text symbol \textquotestraightdblbase (enco
ding TS1) on input line 73.
LaTeX Encoding Info:    Redeclaring text symbol \texttwelveudash (encoding TS1)
 on input line 74.
LaTeX Encoding Info:    Redeclaring text symbol \textthreequartersemdash (encod
ing TS1) on input line 75.
LaTeX Encoding Info:    Redeclaring text symbol \textleftarrow (encoding TS1) o
n input line 76.
LaTeX Encoding Info:    Redeclaring text symbol \textrightarrow (encoding TS1) 
on input line 77.
LaTeX Encoding Info:    Redeclaring text symbol \textblank (encoding TS1) on in
put line 78.
LaTeX Encoding Info:    Redeclaring text symbol \textdollar (encoding TS1) on i
nput line 79.
LaTeX Encoding Info:    Redeclaring text symbol \textquotesingle (encoding TS1)
 on input line 80.
LaTeX Encoding Info:    Redeclaring text command \textasteriskcentered (encodin
g TS1) on input line 81.
LaTeX Encoding Info:    Redeclaring text symbol \textdblhyphen (encoding TS1) o
n input line 92.
LaTeX Encoding Info:    Redeclaring text symbol \textfractionsolidus (encoding 
TS1) on input line 93.
LaTeX Encoding Info:    Redeclaring text symbol \textzerooldstyle (encoding TS1
) on input line 94.
LaTeX Encoding Info:    Redeclaring text symbol \textoneoldstyle (encoding TS1)
 on input line 95.
LaTeX Encoding Info:    Redeclaring text symbol \texttwooldstyle (encoding TS1)
 on input line 96.
LaTeX Encoding Info:    Redeclaring text symbol \textthreeoldstyle (encoding TS
1) on input line 97.
LaTeX Encoding Info:    Redeclaring text symbol \textfouroldstyle (encoding TS1
) on input line 98.
LaTeX Encoding Info:    Redeclaring text symbol \textfiveoldstyle (encoding TS1
) on input line 99.
LaTeX Encoding Info:    Redeclaring text symbol \textsixoldstyle (encoding TS1)
 on input line 100.
LaTeX Encoding Info:    Redeclaring text symbol \textsevenoldstyle (encoding TS
1) on input line 101.
LaTeX Encoding Info:    Redeclaring text symbol \texteightoldstyle (encoding TS
1) on input line 102.
LaTeX Encoding Info:    Redeclaring text symbol \textnineoldstyle (encoding TS1
) on input line 103.
LaTeX Encoding Info:    Redeclaring text symbol \textlangle (encoding TS1) on i
nput line 104.
LaTeX Encoding Info:    Redeclaring text symbol \textminus (encoding TS1) on in
put line 105.
LaTeX Encoding Info:    Redeclaring text symbol \textrangle (encoding TS1) on i
nput line 106.
LaTeX Encoding Info:    Redeclaring text symbol \textmho (encoding TS1) on inpu
t line 107.
LaTeX Encoding Info:    Redeclaring text symbol \textbigcircle (encoding TS1) o
n input line 108.
LaTeX Encoding Info:    Redeclaring text command \textcircled (encoding TS1) on
 input line 109.
LaTeX Encoding Info:    Redeclaring text symbol \textohm (encoding TS1) on inpu
t line 115.
LaTeX Encoding Info:    Redeclaring text symbol \textlbrackdbl (encoding TS1) o
n input line 116.
LaTeX Encoding Info:    Redeclaring text symbol \textrbrackdbl (encoding TS1) o
n input line 117.
LaTeX Encoding Info:    Redeclaring text symbol \textuparrow (encoding TS1) on 
input line 118.
LaTeX Encoding Info:    Redeclaring text symbol \textdownarrow (encoding TS1) o
n input line 119.
LaTeX Encoding Info:    Redeclaring text symbol \textasciigrave (encoding TS1) 
on input line 120.
LaTeX Encoding Info:    Redeclaring text symbol \textborn (encoding TS1) on inp
ut line 121.
LaTeX Encoding Info:    Redeclaring text symbol \textdivorced (encoding TS1) on
 input line 122.
LaTeX Encoding Info:    Redeclaring text symbol \textdied (encoding TS1) on inp
ut line 123.
LaTeX Encoding Info:    Redeclaring text symbol \textleaf (encoding TS1) on inp
ut line 124.
LaTeX Encoding Info:    Redeclaring text symbol \textmarried (encoding TS1) on 
input line 125.
LaTeX Encoding Info:    Redeclaring text symbol \textmusicalnote (encoding TS1)
 on input line 126.
LaTeX Encoding Info:    Redeclaring text symbol \texttildelow (encoding TS1) on
 input line 127.
LaTeX Encoding Info:    Redeclaring text symbol \textdblhyphenchar (encoding TS
1) on input line 128.
LaTeX Encoding Info:    Redeclaring text symbol \textasciibreve (encoding TS1) 
on input line 129.
LaTeX Encoding Info:    Redeclaring text symbol \textasciicaron (encoding TS1) 
on input line 130.
LaTeX Encoding Info:    Redeclaring text symbol \textacutedbl (encoding TS1) on
 input line 131.
LaTeX Encoding Info:    Redeclaring text symbol \textgravedbl (encoding TS1) on
 input line 132.
LaTeX Encoding Info:    Redeclaring text symbol \textdagger (encoding TS1) on i
nput line 133.
LaTeX Encoding Info:    Redeclaring text symbol \textdaggerdbl (encoding TS1) o
n input line 134.
LaTeX Encoding Info:    Redeclaring text symbol \textbardbl (encoding TS1) on i
nput line 135.
LaTeX Encoding Info:    Redeclaring text symbol \textperthousand (encoding TS1)
 on input line 136.
LaTeX Encoding Info:    Redeclaring text symbol \textbullet (encoding TS1) on i
nput line 137.
LaTeX Encoding Info:    Redeclaring text symbol \textcelsius (encoding TS1) on 
input line 138.
LaTeX Encoding Info:    Redeclaring text symbol \textdollaroldstyle (encoding T
S1) on input line 139.
LaTeX Encoding Info:    Redeclaring text symbol \textcentoldstyle (encoding TS1
) on input line 140.
LaTeX Encoding Info:    Redeclaring text symbol \textflorin (encoding TS1) on i
nput line 141.
LaTeX Encoding Info:    Redeclaring text symbol \textcolonmonetary (encoding TS
1) on input line 142.
LaTeX Encoding Info:    Redeclaring text symbol \textwon (encoding TS1) on inpu
t line 143.
LaTeX Encoding Info:    Redeclaring text symbol \textnaira (encoding TS1) on in
put line 144.
LaTeX Encoding Info:    Redeclaring text symbol \textguarani (encoding TS1) on 
input line 145.
LaTeX Encoding Info:    Redeclaring text symbol \textpeso (encoding TS1) on inp
ut line 146.
LaTeX Encoding Info:    Redeclaring text symbol \textlira (encoding TS1) on inp
ut line 147.
LaTeX Encoding Info:    Redeclaring text symbol \textrecipe (encoding TS1) on i
nput line 148.
LaTeX Encoding Info:    Redeclaring text symbol \textinterrobang (encoding TS1)
 on input line 149.
LaTeX Encoding Info:    Redeclaring text symbol \textinterrobangdown (encoding 
TS1) on input line 150.
LaTeX Encoding Info:    Redeclaring text symbol \textdong (encoding TS1) on inp
ut line 151.
LaTeX Encoding Info:    Redeclaring text symbol \texttrademark (encoding TS1) o
n input line 152.
LaTeX Encoding Info:    Redeclaring text symbol \textpertenthousand (encoding T
S1) on input line 153.
LaTeX Encoding Info:    Redeclaring text symbol \textpilcrow (encoding TS1) on 
input line 154.
LaTeX Encoding Info:    Redeclaring text symbol \textbaht (encoding TS1) on inp
ut line 155.
LaTeX Encoding Info:    Redeclaring text symbol \textnumero (encoding TS1) on i
nput line 156.
LaTeX Encoding Info:    Redeclaring text symbol \textdiscount (encoding TS1) on
 input line 157.
LaTeX Encoding Info:    Redeclaring text symbol \textestimated (encoding TS1) o
n input line 158.
LaTeX Encoding Info:    Redeclaring text symbol \textopenbullet (encoding TS1) 
on input line 159.
LaTeX Encoding Info:    Redeclaring text symbol \textservicemark (encoding TS1)
 on input line 160.
LaTeX Encoding Info:    Redeclaring text symbol \textlquill (encoding TS1) on i
nput line 161.
LaTeX Encoding Info:    Redeclaring text symbol \textrquill (encoding TS1) on i
nput line 162.
LaTeX Encoding Info:    Redeclaring text symbol \textcent (encoding TS1) on inp
ut line 163.
LaTeX Encoding Info:    Redeclaring text symbol \textsterling (encoding TS1) on
 input line 164.
LaTeX Encoding Info:    Redeclaring text symbol \textcurrency (encoding TS1) on
 input line 165.
LaTeX Encoding Info:    Redeclaring text symbol \textyen (encoding TS1) on inpu
t line 166.
LaTeX Encoding Info:    Redeclaring text symbol \textbrokenbar (encoding TS1) o
n input line 167.
LaTeX Encoding Info:    Redeclaring text symbol \textsection (encoding TS1) on 
input line 168.
LaTeX Encoding Info:    Redeclaring text symbol \textasciidieresis (encoding TS
1) on input line 169.
LaTeX Encoding Info:    Redeclaring text symbol \textcopyright (encoding TS1) o
n input line 170.
LaTeX Encoding Info:    Redeclaring text symbol \textordfeminine (encoding TS1)
 on input line 171.
LaTeX Encoding Info:    Redeclaring text symbol \textcopyleft (encoding TS1) on
 input line 172.
LaTeX Encoding Info:    Redeclaring text symbol \textlnot (encoding TS1) on inp
ut line 173.
LaTeX Encoding Info:    Redeclaring text symbol \textcircledP (encoding TS1) on
 input line 174.
LaTeX Encoding Info:    Redeclaring text symbol \textregistered (encoding TS1) 
on input line 175.
LaTeX Encoding Info:    Redeclaring text symbol \textasciimacron (encoding TS1)
 on input line 176.
LaTeX Encoding Info:    Redeclaring text symbol \textdegree (encoding TS1) on i
nput line 177.
LaTeX Encoding Info:    Redeclaring text symbol \textpm (encoding TS1) on input
 line 178.
LaTeX Encoding Info:    Redeclaring text symbol \texttwosuperior (encoding TS1)
 on input line 179.
LaTeX Encoding Info:    Redeclaring text symbol \textthreesuperior (encoding TS
1) on input line 180.
LaTeX Encoding Info:    Redeclaring text symbol \textasciiacute (encoding TS1) 
on input line 181.
LaTeX Encoding Info:    Redeclaring text symbol \textmu (encoding TS1) on input
 line 182.
LaTeX Encoding Info:    Redeclaring text symbol \textparagraph (encoding TS1) o
n input line 183.
LaTeX Encoding Info:    Redeclaring text symbol \textperiodcentered (encoding T
S1) on input line 184.
LaTeX Encoding Info:    Redeclaring text symbol \textreferencemark (encoding TS
1) on input line 185.
LaTeX Encoding Info:    Redeclaring text symbol \textonesuperior (encoding TS1)
 on input line 186.
LaTeX Encoding Info:    Redeclaring text symbol \textordmasculine (encoding TS1
) on input line 187.
LaTeX Encoding Info:    Redeclaring text symbol \textsurd (encoding TS1) on inp
ut line 188.
LaTeX Encoding Info:    Redeclaring text symbol \textonequarter (encoding TS1) 
on input line 189.
LaTeX Encoding Info:    Redeclaring text symbol \textonehalf (encoding TS1) on 
input line 190.
LaTeX Encoding Info:    Redeclaring text symbol \textthreequarters (encoding TS
1) on input line 191.
LaTeX Encoding Info:    Redeclaring text symbol \texteuro (encoding TS1) on inp
ut line 192.
LaTeX Encoding Info:    Redeclaring text symbol \texttimes (encoding TS1) on in
put line 193.
LaTeX Encoding Info:    Redeclaring text symbol \textdiv (encoding TS1) on inpu
t line 194.
))
\l__ctex_tmp_int=\count436
\l__ctex_tmp_box=\box112
\l__ctex_tmp_dim=\dimen354
\g__ctex_section_depth_int=\count437
\g__ctex_font_size_int=\count438

(/usr/local/texlive/2025/texmf-dist/tex/latex/ctex/config/ctexopts.cfg
File: ctexopts.cfg 2022/07/14 v2.5.10 Option configuration file (CTEX)
)
(/usr/local/texlive/2025/texmf-dist/tex/latex/ctex/engine/ctex-engine-xetex.def
File: ctex-engine-xetex.def 2022/07/14 v2.5.10 XeLaTeX adapter (CTEX)
\ccwd=\dimen355
\l__ctex_ccglue_skip=\skip85
)
\l__ctex_ziju_dim=\dimen356

(/usr/local/texlive/2025/texmf-dist/tex/latex/ctex/scheme/ctex-scheme-chinese.d
ef
File: ctex-scheme-chinese.def 2022/07/14 v2.5.10 Chinese scheme for generic (CT
EX)
 (/usr/local/texlive/2025/texmf-dist/tex/latex/ctex/config/ctex-name-utf8.cfg
File: ctex-name-utf8.cfg 2022/07/14 v2.5.10 Caption with encoding UTF-8 (CTEX)
))
(/usr/local/texlive/2025/texmf-dist/tex/latex/ctex/fontset/ctex-fontset-fandol.
def
File: ctex-fontset-fandol.def 2022/07/14 v2.5.10 Fandol fonts definition (CTEX)


Package fontspec Info: 
(fontspec)             Script 'CJK' not explicitly supported within font
(fontspec)             'FandolSong-Regular'. Check the typeset output, and if
(fontspec)             it is okay then ignore this warning. Otherwise a
(fontspec)             different font should be chosen.


Package fontspec Info: 
(fontspec)             Font family 'FandolSong-Regular(0)' created for font
(fontspec)             'FandolSong-Regular' with options
(fontspec)             [Script={CJK},Extension={.otf},BoldFont={FandolSong-Bold
},ItalicFont={FandolKai-Regular}].
(fontspec)              
(fontspec)              This font family consists of the following NFSS
(fontspec)             series/shapes:
(fontspec)              
(fontspec)             - 'normal' (m/n) with NFSS spec.:
(fontspec)             <->"[FandolSong-Regular.otf]/OT:script=hani;language=dfl
t;"
(fontspec)             - 'bold' (b/n) with NFSS spec.:
(fontspec)             <->"[FandolSong-Bold.otf]/OT:script=hani;language=dflt;"

(fontspec)             - 'italic' (m/it) with NFSS spec.:
(fontspec)             <->"[FandolKai-Regular.otf]/OT:script=hani;language=dflt
;"

)) (/usr/local/texlive/2025/texmf-dist/tex/latex/ctex/config/ctex.cfg
File: ctex.cfg 2022/07/14 v2.5.10 Configuration file (CTEX)
)
(/usr/local/texlive/2025/texmf-dist/tex/latex/ifplatform/ifplatform.sty
Package: ifplatform 2017/10/13 v0.4a Testing for the operating system

(/usr/local/texlive/2025/texmf-dist/tex/latex/tools/shellesc.sty
Package: shellesc 2023/07/08 v1.0d unified shell escape interface for LaTeX
Package shellesc Info: Unrestricted shell escape enabled on input line 75.
)
(/usr/local/texlive/2025/texmf-dist/tex/generic/catchfile/catchfile.sty
Package: catchfile 2019/12/09 v1.8 Catch the contents of a file (HO)

(/usr/local/texlive/2025/texmf-dist/tex/generic/etexcmds/etexcmds.sty
Package: etexcmds 2019/12/15 v1.7 Avoid name clashes with e-TeX commands (HO)
))
(/usr/local/texlive/2025/texmf-dist/tex/generic/iftex/ifluatex.sty
Package: ifluatex 2019/10/25 v1.5 ifluatex legacy package. Use iftex instead.
)
runsystem(uname -s > "main.w18")...executed.

 (./main.w18)
runsystem(rm -- "main.w18")...executed.

)

Package xeCJK Warning: Redefining CJKfamily `\CJKrmdefault'
(xeCJK)                (FandolSong-Regular(0)).


Package fontspec Info: 
(fontspec)             Font family 'fzsong.ttf(0)' created for font
(fontspec)             'fzsong.ttf' with options
(fontspec)             [Script={CJK},Path={Materials/Fonts/},AutoFakeBold={4}].

(fontspec)              
(fontspec)              This font family consists of the following NFSS
(fontspec)             series/shapes:
(fontspec)              
(fontspec)             - 'normal' (m/n) with NFSS spec.:
(fontspec)             <->"[Materials/Fonts/fzsong.ttf]/OT:script=hani;language
=dflt;"
(fontspec)             - 'bold' (b/n) with NFSS spec.:
(fontspec)             <->"[Materials/Fonts/fzsong.ttf]/OT:script=hani;language
=dflt;embolden=4;"


Package fontspec Info: 
(fontspec)             Font family 'fzhei.ttf(0)' created for font 'fzhei.ttf'
(fontspec)             with options [Path=Materials/Fonts/].
(fontspec)              
(fontspec)              This font family consists of the following NFSS
(fontspec)             series/shapes:
(fontspec)              
(fontspec)             - 'normal' (m/n) with NFSS spec.:
(fontspec)             <->"[Materials/Fonts/fzhei.ttf]/OT:language=dflt;"


Package fontspec Info: 
(fontspec)             Font family 'fzsong.ttf(1)' created for font
(fontspec)             'fzsong.ttf' with options [Path=Materials/Fonts/].
(fontspec)              
(fontspec)              This font family consists of the following NFSS
(fontspec)             series/shapes:
(fontspec)              
(fontspec)             - 'normal' (m/n) with NFSS spec.:
(fontspec)             <->"[Materials/Fonts/fzsong.ttf]/OT:language=dflt;"


Package fontspec Info: 
(fontspec)             Font family 'times.ttf(0)' created for font 'times.ttf'
(fontspec)             with options
(fontspec)             [Ligatures=TeX,BoldFont=timesbd.ttf,ItalicFont=timesi.tt
f,BoldItalicFont=timesbi.ttf,Path=Materials/Fonts/].
(fontspec)              
(fontspec)              This font family consists of the following NFSS
(fontspec)             series/shapes:
(fontspec)              
(fontspec)             - 'normal' (m/n) with NFSS spec.:
(fontspec)             <->"[Materials/Fonts/times.ttf]/OT:language=dflt;mapping
=tex-text;"
(fontspec)             - 'bold' (b/n) with NFSS spec.:
(fontspec)             <->"[Materials/Fonts/timesbd.ttf]/OT:language=dflt;mappi
ng=tex-text;"
(fontspec)             - 'italic' (m/it) with NFSS spec.:
(fontspec)             <->"[Materials/Fonts/timesi.ttf]/OT:language=dflt;mappin
g=tex-text;"
(fontspec)             - 'italic small caps'  (m/scit) with NFSS spec.:
(fontspec)             <->"[Materials/Fonts/timesi.ttf]/OT:language=dflt;+smcp;
mapping=tex-text;"
(fontspec)             - 'bold italic' (b/it) with NFSS spec.:
(fontspec)             <->"[Materials/Fonts/timesbi.ttf]/OT:language=dflt;mappi
ng=tex-text;"

\symDigits:m:n=\mathgroup8
\symLatin:m:n=\mathgroup9
\symLatin:m:it=\mathgroup10
\symGreek:m:n=\mathgroup11
\symGreek:m:it=\mathgroup12
LaTeX Font Info:    Redeclaring math alphabet \mathrm on input line 294.
LaTeX Font Info:    Overwriting math alphabet `\mathrm' in version `bold'
(Font)                  TU/times.ttf(0)/m/n --> TU/times.ttf(0)/bx/n on input l
ine 294.
LaTeX Font Info:    Redeclaring math alphabet \mathit on input line 294.
LaTeX Font Info:    Overwriting math alphabet `\mathit' in version `normal'
(Font)                  OT1/lmr/m/it --> TU/times.ttf(0)/m/it on input line 294
.
LaTeX Font Info:    Overwriting math alphabet `\mathit' in version `bold'
(Font)                  OT1/lmr/bx/it --> TU/times.ttf(0)/m/it on input line 29
4.
LaTeX Font Info:    Redeclaring math alphabet \mathbf on input line 294.
LaTeX Font Info:    Overwriting math alphabet `\mathbf' in version `normal'
(Font)                  OT1/lmr/bx/n --> TU/times.ttf(0)/bx/n on input line 294
.
LaTeX Font Info:    Overwriting math alphabet `\mathbf' in version `bold'
(Font)                  OT1/lmr/bx/n --> TU/times.ttf(0)/bx/n on input line 294
.
LaTeX Font Info:    Overwriting math alphabet `\mathit' in version `bold'
(Font)                  TU/times.ttf(0)/m/it --> TU/times.ttf(0)/bx/it on input
 line 294.
\symOperators:m:n=\mathgroup13
(/usr/local/texlive/2025/texmf-dist/tex/latex/algorithm2e/algorithm2e.sty
Invalid UTF-8 byte or sequence at line 284 replaced by U+FFFD.
Invalid UTF-8 byte or sequence at line 299 replaced by U+FFFD.
Invalid UTF-8 byte or sequence at line 550 replaced by U+FFFD.
Package: algorithm2e 2017/07/18 v5.2 algorithms environments
\c@AlgoLine=\count439
\algocf@hangindent=\skip86

(/usr/local/texlive/2025/texmf-dist/tex/latex/relsize/relsize.sty
Package: relsize 2013/03/29 ver 4.1
)
\skiptotal=\skip87
\skiplinenumber=\skip88
\skiprule=\skip89
\skiphlne=\skip90
\skiptext=\skip91
\skiplength=\skip92
\algomargin=\skip93
\skipalgocfslide=\skip94
\algowidth=\dimen357
\inoutsize=\dimen358
\inoutindent=\dimen359
\interspacetitleruled=\dimen360
\interspacealgoruled=\dimen361
\interspacetitleboxruled=\dimen362
\algocf@ruledwidth=\skip95
\algocf@inoutbox=\box113
\algocf@inputbox=\box114
\AlCapSkip=\skip96
\AlCapHSkip=\skip97
\algoskipindent=\skip98
\algocf@nlbox=\box115
\algocf@hangingbox=\box116
\algocf@untilbox=\box117
\algocf@skipuntil=\skip99
\algocf@capbox=\box118
\algocf@lcaptionbox=\skip100
\algoheightruledefault=\skip101
\algoheightrule=\skip102
\algotitleheightruledefault=\skip103
\algotitleheightrule=\skip104
\c@algocfline=\count440
\c@algocfproc=\count441
\c@algocf=\count442
\algocf@algoframe=\box119
\algocf@algobox=\box120
)
(/usr/local/texlive/2025/texmf-dist/tex/latex/tcolorbox/tcolorbox.sty
Package: tcolorbox 2025/11/28 version 6.9.0 text color boxes

(/usr/local/texlive/2025/texmf-dist/tex/latex/tools/verbatim.sty
Package: verbatim 2024-01-22 v1.5x LaTeX2e package for verbatim enhancements
\every@verbatim=\toks63
\verbatim@line=\toks64
\verbatim@in@stream=\read3
)
(/usr/local/texlive/2025/texmf-dist/tex/latex/environ/environ.sty
Package: environ 2014/05/04 v0.3 A new way to define environments

(/usr/local/texlive/2025/texmf-dist/tex/latex/trimspaces/trimspaces.sty
Package: trimspaces 2009/09/17 v1.1 Trim spaces around a token list
))
\tcb@titlebox=\box121
\tcb@upperbox=\box122
\tcb@lowerbox=\box123
\tcb@phantombox=\box124
\c@tcbbreakpart=\count443
\c@tcblayer=\count444
\c@tcolorbox@number=\count445
\l__tcobox_tmpa_box=\box125
\l__tcobox_tmpa_dim=\dimen363
\tcb@temp=\box126
\tcb@temp=\box127
\tcb@temp=\box128
\tcb@temp=\box129
)
(/usr/local/texlive/2025/texmf-dist/tex/latex/tcolorbox/tcblistings.code.tex
Library (tcolorbox): 'tcblistings.code.tex' version '6.9.0'
(/usr/local/texlive/2025/texmf-dist/tex/latex/listings/listings.sty
\lst@mode=\count446
\lst@gtempboxa=\box130
\lst@token=\toks65
\lst@length=\count447
\lst@currlwidth=\dimen364
\lst@column=\count448
\lst@pos=\count449
\lst@lostspace=\dimen365
\lst@width=\dimen366
\lst@newlines=\count450
\lst@lineno=\count451
\lst@maxwidth=\dimen367

(/usr/local/texlive/2025/texmf-dist/tex/latex/listings/lstpatch.sty
File: lstpatch.sty 2025/11/14 1.11b (Carsten Heinz)
)
(/usr/local/texlive/2025/texmf-dist/tex/latex/listings/lstmisc.sty
File: lstmisc.sty 2025/11/14 1.11b (Carsten Heinz)
\c@lstnumber=\count452
\lst@skipnumbers=\count453
\lst@framebox=\box131
)
(/usr/local/texlive/2025/texmf-dist/tex/latex/listings/listings.cfg
File: listings.cfg 2025/11/14 1.11b listings configuration
))
Package: listings 2025/11/14 1.11b (Carsten Heinz)

(/usr/local/texlive/2025/texmf-dist/tex/xelatex/xecjk/xeCJK-listings.sty
Package: xeCJK-listings 2022/08/05 v3.9.1 xeCJK patch file for listings
\l__xeCJK_listings_max_char_int=\count454
\l__xeCJK_listings_flag_int=\count455
)
==> First Aid for listings.sty no longer applied!
    Expected:
        2024/09/23 1.10c (Carsten Heinz)
    but found:
        2025/11/14 1.11b (Carsten Heinz)
    so I'm assuming it got fixed.

(/usr/local/texlive/2025/texmf-dist/tex/latex/tcolorbox/tcblistingscore.code.te
x
Library (tcolorbox): 'tcblistingscore.code.tex' version '6.9.0'
(/usr/local/texlive/2025/texmf-dist/tex/latex/tcolorbox/tcbprocessing.code.tex
Library (tcolorbox): 'tcbprocessing.code.tex' version '6.9.0'
)
\c@tcblisting=\count456
)) (/usr/local/texlive/2025/texmf-dist/tex/latex/tcolorbox/tcbskins.code.tex
Library (tcolorbox): 'tcbskins.code.tex' version '6.9.0'
(/usr/local/texlive/2025/texmf-dist/tex/latex/tikzfill/tikzfill.image.sty
Package: tikzfill.image 2023/08/08 v1.0.1 Image filling library for TikZ

(/usr/local/texlive/2025/texmf-dist/tex/latex/tikzfill/tikzfill-common.sty
Package: tikzfill-common 2023/08/08 v1.0.1 Auxiliary code for tikzfill
)
(/usr/local/texlive/2025/texmf-dist/tex/latex/tikzfill/tikzlibraryfill.image.co
de.tex
File: tikzlibraryfill.image.code.tex 2023/08/08 v1.0.1 Image filling library
\l__tikzfill_img_box=\box132
))
(/usr/local/texlive/2025/texmf-dist/tex/latex/tcolorbox/tcbskinsjigsaw.code.tex
Library (tcolorbox): 'tcbskinsjigsaw.code.tex' version '6.9.0'
))
(/usr/local/texlive/2025/texmf-dist/tex/latex/tcolorbox/tcbbreakable.code.tex
Library (tcolorbox): 'tcbbreakable.code.tex' version '6.9.0'
(/usr/local/texlive/2025/texmf-dist/tex/latex/pdfcol/pdfcol.sty
Package: pdfcol 2022-09-21 v1.7 Handle new color stacks for pdfTeX (HO)
Package pdfcol Info: Interface disabled because of missing PDF mode of pdfTeX.
)
Package pdfcol Info: pdfTeX's color stacks are not available.
\tcb@testbox=\box133
\tcb@totalupperbox=\box134
\tcb@totallowerbox=\box135
)
(/usr/local/texlive/2025/texmf-dist/tex/latex/tcolorbox/tcbxparse.code.tex
Library (tcolorbox): 'tcbxparse.code.tex' version '6.9.0'
) (/usr/local/texlive/2025/texmf-dist/tex/latex/enumitem/enumitem.sty
Package: enumitem 2025/02/06 v3.11 Customized lists
\labelindent=\skip105
\enit@outerparindent=\dimen368
\enit@toks=\toks66
\enit@inbox=\box136
\enit@count@id=\count457
\enitdp@description=\count458
)
Package thmtools Info: Key `qed' (with value `\qedsymbol ')
(thmtools)             is not a known style key.
(thmtools)             Will pass this to every \declaretheorem
(thmtools)             that uses `style=style_proof' on input line 584.
\c@theorem=\count459

(/usr/local/texlive/2025/texmf-dist/tex/latex/footmisc/footmisc.sty
Package: footmisc 2025/05/09 v7.0b a miscellany of footnote facilities
\FN@temptoken=\toks67
\footnotemargin=\dimen369

(/usr/local/texlive/2025/texmf-dist/tex/latex/bigfoot/perpage.sty
Package: perpage 2014/10/25 2.0 Reset/sort counters per page
\c@abspage=\count460
)
\c@pp@a@footnote=\count461
Package footmisc Info: Declaring symbol style bringhurst on input line 549.
Package footmisc Info: Declaring symbol style chicago on input line 557.
Package footmisc Info: Declaring symbol style wiley on input line 566.
Package footmisc Info: Declaring symbol style lamport-robust on input line 577.

Package footmisc Info: Declaring symbol style lamport* on input line 597.
Package footmisc Info: Declaring symbol style lamport*-robust on input line 618
.
)
Package footmisc Info: Declaring symbol style circled on input line 622.

(/usr/local/texlive/2025/texmf-dist/tex/latex/fancyvrb/fancyvrb.sty
Package: fancyvrb 2025/07/28 4.6 verbatim text (tvz,hv)
\FV@CodeLineNo=\count462
\FV@InFile=\read4
\FV@TabBox=\box137
\c@FancyVerbLine=\count463
\FV@StepNumber=\count464
\FV@OutFile=\write4
)
(/usr/local/texlive/2025/texmf-dist/tex/latex/fancyhdr/fancyhdr.sty
Package: fancyhdr 2025/02/07 v5.2 Extensive control of page headers and footers

\f@nch@headwidth=\skip106
\f@nch@offset@elh=\skip107
\f@nch@offset@erh=\skip108
\f@nch@offset@olh=\skip109
\f@nch@offset@orh=\skip110
\f@nch@offset@elf=\skip111
\f@nch@offset@erf=\skip112
\f@nch@offset@olf=\skip113
\f@nch@offset@orf=\skip114
\f@nch@height=\skip115
\f@nch@footalignment=\skip116
\f@nch@widthL=\skip117
\f@nch@widthC=\skip118
\f@nch@widthR=\skip119
\@temptokenb=\toks68
)
(/usr/local/texlive/2025/texmf-dist/tex/latex/titlesec/titlesec.sty
Package: titlesec 2025/01/04 v2.17 Sectioning titles
\ttl@box=\box138
\beforetitleunit=\skip120
\aftertitleunit=\skip121
\ttl@plus=\dimen370
\ttl@minus=\dimen371
\ttl@toksa=\toks69
\titlewidth=\dimen372
\titlewidthlast=\dimen373
\titlewidthfirst=\dimen374
)
\c@subsubparagraph=\count465

(/usr/local/texlive/2025/texmf-dist/tex/latex/float/float.sty
Package: float 2001/11/08 v1.3d Float enhancements (AL)
\c@float@type=\count466
\float@exts=\toks70
\float@box=\box139
\@float@everytoks=\toks71
\@floatcapt=\box140
)
(/usr/local/texlive/2025/texmf-dist/tex/latex/newfloat/newfloat.sty
Package: newfloat 2023/10/01 v1.2 Defining new floating environments (AR)
Package newfloat Info: Document class `book' detected (algorithm2e).
)
(/usr/local/texlive/2025/texmf-dist/tex/latex/multirow/multirow.sty
Package: multirow 2024/11/12 v2.9 Span multiple rows of a table
\multirow@colwidth=\skip122
\multirow@cntb=\count467
\multirow@dima=\skip123
\bigstrutjot=\dimen375
)
(/usr/local/texlive/2025/texmf-dist/tex/latex/tabu/tabu.sty
Package: tabu 2019/01/11 v2.9 - flexible LaTeX tabulars (FC+tabu-fixed)

(/usr/local/texlive/2025/texmf-dist/tex/latex/varwidth/varwidth.sty
Package: varwidth 2009/03/30 ver 0.92;  Variable-width minipages
\@vwid@box=\box141
\sift@deathcycles=\count468
\@vwid@loff=\dimen376
\@vwid@roff=\dimen377
)
==> First Aid for varwidth.sty applied!
\c@taburow=\count469
\tabu@nbcols=\count470
\tabu@cnt=\count471
\tabu@Xcol=\count472
\tabu@alloc=\count473
\tabu@nested=\count474
\tabu@target=\dimen378
\tabu@spreadtarget=\dimen379
\tabu@naturalX=\dimen380
\tabucolX=\dimen381
\tabu@Xsum=\dimen382
\extrarowdepth=\dimen383
\abovetabulinesep=\dimen384
\belowtabulinesep=\dimen385
\tabustrutrule=\dimen386
\tabu@thebody=\toks72
\tabu@footnotes=\toks73
\tabu@box=\box142
\tabu@arstrutbox=\box143
\tabu@hleads=\box144
\tabu@vleads=\box145
\tabu@cellskip=\skip124
) (/usr/local/texlive/2025/texmf-dist/tex/latex/tools/tabularx.sty
Package: tabularx 2023/12/11 v2.12a `tabularx' package (DPC)
\TX@col@width=\dimen387
\TX@old@table=\dimen388
\TX@old@col=\dimen389
\TX@target=\dimen390
\TX@delta=\dimen391
\TX@cols=\count475
\TX@ftn=\toks74
)
(/usr/local/texlive/2025/texmf-dist/tex/latex/xltabular/xltabular.sty
Package: xltabular 2025/02/28 v0.2i `xltabular' package (hv,RN)

(/usr/local/texlive/2025/texmf-dist/tex/latex/ltablex/ltablex.sty
Package: ltablex 2014/08/13 v1.1 Modified tabularx
))
(/usr/local/texlive/2025/texmf-dist/tex/latex/booktabs/booktabs.sty
Package: booktabs 2020/01/12 v1.61803398 Publication quality tables
\heavyrulewidth=\dimen392
\lightrulewidth=\dimen393
\cmidrulewidth=\dimen394
\belowrulesep=\dimen395
\belowbottomsep=\dimen396
\aboverulesep=\dimen397
\abovetopsep=\dimen398
\cmidrulesep=\dimen399
\cmidrulekern=\dimen400
\defaultaddspace=\dimen401
\@cmidla=\count476
\@cmidlb=\count477
\@aboverulesep=\dimen402
\@belowrulesep=\dimen403
\@thisruleclass=\count478
\@lastruleclass=\count479
\@thisrulewidth=\dimen404
)
\tikzboxwidth=\skip125
\tikzboxheight=\skip126

(/usr/local/texlive/2025/texmf-dist/tex/latex/caption/caption.sty
Package: caption 2023/08/05 v3.6o Customizing captions (AR)

(/usr/local/texlive/2025/texmf-dist/tex/latex/caption/caption3.sty
Package: caption3 2023/07/31 v2.4d caption3 kernel (AR)
\caption@tempdima=\dimen405
\captionmargin=\dimen406
\caption@leftmargin=\dimen407
\caption@rightmargin=\dimen408
\caption@width=\dimen409
\caption@indent=\dimen410
\caption@parindent=\dimen411
\caption@hangindent=\dimen412
Package caption Info: Standard document class detected.
)
\c@caption@flags=\count480
\c@continuedfloat=\count481
Package caption Info: float package is loaded.
Package caption Info: listings package is loaded.
Package caption Info: longtable package is loaded.

(/usr/local/texlive/2025/texmf-dist/tex/latex/caption/ltcaption.sty
Package: ltcaption 2021/01/08 v1.4c longtable captions (AR)
)
Package caption Info: supertabular package is loaded.
)
(/usr/local/texlive/2025/texmf-dist/tex/latex/caption/subcaption.sty
Package: subcaption 2023/07/28 v1.6b Sub-captions (AR)
Package caption Info: New subtype `subfigure' on input line 238.
\c@subfigure=\count482
Package caption Info: New subtype `subtable' on input line 238.
\c@subtable=\count483
)
(/usr/local/texlive/2025/texmf-dist/tex/latex/xurl/xurl.sty
Package: xurl 2022/01/09 v 0.10 modify URL breaks

(/usr/local/texlive/2025/texmf-dist/tex/latex/url/url.sty
\Urlmuskip=\muskip18
Package: url 2013/09/16  ver 3.4  Verb mode for urls, etc.
))
(/usr/local/texlive/2025/texmf-dist/tex/latex/hyperref/hyperref.sty
Package: hyperref 2025-07-12 v7.01o Hypertext links for LaTeX

(/usr/local/texlive/2025/texmf-dist/tex/generic/kvdefinekeys/kvdefinekeys.sty
Package: kvdefinekeys 2019-12-19 v1.6 Define keys (HO)
)
(/usr/local/texlive/2025/texmf-dist/tex/generic/pdfescape/pdfescape.sty
Package: pdfescape 2019/12/09 v1.15 Implements pdfTeX's escape features (HO)
)
(/usr/local/texlive/2025/texmf-dist/tex/latex/hycolor/hycolor.sty
Package: hycolor 2020-01-27 v1.10 Color options for hyperref/bookmark (HO)
)
(/usr/local/texlive/2025/texmf-dist/tex/latex/hyperref/nameref.sty
Package: nameref 2025-06-21 v2.57 Cross-referencing by name of section

(/usr/local/texlive/2025/texmf-dist/tex/latex/refcount/refcount.sty
Package: refcount 2019/12/15 v3.6 Data extraction from label references (HO)
)
(/usr/local/texlive/2025/texmf-dist/tex/generic/gettitlestring/gettitlestring.s
ty
Package: gettitlestring 2019/12/15 v1.6 Cleanup title references (HO)
 (/usr/local/texlive/2025/texmf-dist/tex/latex/kvoptions/kvoptions.sty
Package: kvoptions 2022-06-15 v3.15 Key value format for package options (HO)
))
\c@section@level=\count484
)
(/usr/local/texlive/2025/texmf-dist/tex/generic/stringenc/stringenc.sty
Package: stringenc 2019/11/29 v1.12 Convert strings between diff. encodings (HO
)
)
\@linkdim=\dimen413
\Hy@linkcounter=\count485
\Hy@pagecounter=\count486

(/usr/local/texlive/2025/texmf-dist/tex/latex/hyperref/pd1enc.def
File: pd1enc.def 2025-07-12 v7.01o Hyperref: PDFDocEncoding definition (HO)
)
(/usr/local/texlive/2025/texmf-dist/tex/generic/intcalc/intcalc.sty
Package: intcalc 2019/12/15 v1.3 Expandable calculations with integers (HO)
)
\Hy@SavedSpaceFactor=\count487

(/usr/local/texlive/2025/texmf-dist/tex/latex/hyperref/puenc.def
File: puenc.def 2025-07-12 v7.01o Hyperref: PDF Unicode definition (HO)
)
Package hyperref Info: Option `unicode' set `true' on input line 4066.
Package hyperref Info: Option `hyperfootnotes' set `false' on input line 4066.
Package hyperref Info: Option `bookmarksnumbered' set `true' on input line 4066
.
Package hyperref Info: Option `bookmarksopen' set `true' on input line 4066.
Package hyperref Info: Option `breaklinks' set `true' on input line 4066.
Package hyperref Info: Option `colorlinks' set `false' on input line 4066.
Package hyperref Info: Option `psdextra' set `true' on input line 4066.

(/usr/local/texlive/2025/texmf-dist/tex/latex/hyperref/psdextra.def
File: psdextra.def 2025-07-12 v7.01o Hyperref: Additions to PDF string support
)
Package hyperref Info: Hyper figures OFF on input line 4195.
Package hyperref Info: Link nesting OFF on input line 4200.
Package hyperref Info: Hyper index ON on input line 4203.
Package hyperref Info: Plain pages OFF on input line 4210.
Package hyperref Info: Backreferencing OFF on input line 4215.
Package hyperref Info: Implicit mode ON; LaTeX internals redefined.
Package hyperref Info: Bookmarks ON on input line 4462.
\c@Hy@tempcnt=\count488
LaTeX Info: Redefining \url on input line 4801.
\XeTeXLinkMargin=\dimen414

(/usr/local/texlive/2025/texmf-dist/tex/generic/bitset/bitset.sty
Package: bitset 2019/12/09 v1.3 Handle bit-vector datatype (HO)

(/usr/local/texlive/2025/texmf-dist/tex/generic/bigintcalc/bigintcalc.sty
Package: bigintcalc 2019/12/15 v1.5 Expandable calculations on big integers (HO
)
))
\Fld@menulength=\count489
\Field@Width=\dimen415
\Fld@charsize=\dimen416
Package hyperref Info: Hyper figures OFF on input line 6078.
Package hyperref Info: Link nesting OFF on input line 6083.
Package hyperref Info: Hyper index ON on input line 6086.
Package hyperref Info: backreferencing OFF on input line 6093.
Package hyperref Info: Link coloring OFF on input line 6098.
Package hyperref Info: Link coloring with OCG OFF on input line 6103.
Package hyperref Info: PDF/A mode OFF on input line 6108.
\Hy@abspage=\count490
\c@Item=\count491
)
Package hyperref Info: Driver (autodetected): hxetex.

(/usr/local/texlive/2025/texmf-dist/tex/latex/hyperref/hxetex.def
File: hxetex.def 2025-07-12 v7.01o Hyperref driver for XeTeX
\pdfm@box=\box146
\c@Hy@AnnotLevel=\count492
\HyField@AnnotCount=\count493
\Fld@listcount=\count494
\c@bookmark@seq@number=\count495

(/usr/local/texlive/2025/texmf-dist/tex/latex/rerunfilecheck/rerunfilecheck.sty
Package: rerunfilecheck 2025-06-21 v1.11 Rerun checks for auxiliary files (HO)

(/usr/local/texlive/2025/texmf-dist/tex/generic/uniquecounter/uniquecounter.sty
Package: uniquecounter 2019/12/15 v1.4 Provide unlimited unique counter (HO)
)
Package uniquecounter Info: New unique counter `rerunfilecheck' on input line 2
84.
)
\Hy@SectionHShift=\skip127
) (/usr/local/texlive/2025/texmf-dist/tex/latex/bookmark/bookmark.sty
Package: bookmark 2023-12-10 v1.31 PDF bookmarks (HO)

(/usr/local/texlive/2025/texmf-dist/tex/latex/bookmark/bkm-dvipdfm.def
File: bkm-dvipdfm.def 2023-12-10 v1.31 bookmark driver for dvipdfm (HO)
\BKM@id=\count496
))
\l_bp_set_to_box=\box147

(/usr/local/texlive/2025/texmf-dist/tex/latex/titlesec/titletoc.sty
Package: titletoc 2025/01/04 v2.17 TOC entries
\ttl@leftsep=\dimen417
)
(/usr/local/texlive/2025/texmf-dist/tex/latex/tocloft/tocloft.sty
Package: tocloft 2017/08/31 v2.3i parameterised ToC, etc., typesetting
Package tocloft Info: The document has chapter divisions on input line 51.
\cftparskip=\skip128
\cftbeforetoctitleskip=\skip129
\cftaftertoctitleskip=\skip130
\cftbeforepartskip=\skip131
\cftpartnumwidth=\skip132
\cftpartindent=\skip133
\cftbeforechapskip=\skip134
\cftchapindent=\skip135
\cftchapnumwidth=\skip136
\cftbeforesecskip=\skip137
\cftsecindent=\skip138
\cftsecnumwidth=\skip139
\cftbeforesubsecskip=\skip140
\cftsubsecindent=\skip141
\cftsubsecnumwidth=\skip142
\cftbeforesubsubsecskip=\skip143
\cftsubsubsecindent=\skip144
\cftsubsubsecnumwidth=\skip145
\cftbeforeparaskip=\skip146
\cftparaindent=\skip147
\cftparanumwidth=\skip148
\cftbeforesubparaskip=\skip149
\cftsubparaindent=\skip150
\cftsubparanumwidth=\skip151
\cftbeforeloftitleskip=\skip152
\cftafterloftitleskip=\skip153
\cftbeforefigskip=\skip154
\cftfigindent=\skip155
\cftfignumwidth=\skip156
\c@lofdepth=\count497
\c@lotdepth=\count498
\cftbeforelottitleskip=\skip157
\cftafterlottitleskip=\skip158
\cftbeforetabskip=\skip159
\cfttabindent=\skip160
\cfttabnumwidth=\skip161
)
(./Main_Miscellaneous/glossary.tex)
\glswrite=\write5
\glo@main@file=\write6
\openout6 = `main.glo'.

Package glossaries Info: Writing glossary file main.glo on input line 1267.
\glo@symbols@file=\write7
\openout7 = `main.slo'.

Package glossaries Info: Writing glossary file main.slo on input line 1267.

(/usr/local/texlive/2025/texmf-dist/tex/latex/biblatex/biblatex.sty
Package: biblatex 2025/07/10 v3.21 programmable bibliographies (PK/MW)

(/usr/local/texlive/2025/texmf-dist/tex/latex/logreq/logreq.sty
Package: logreq 2010/08/04 v1.0 xml request logger
\lrq@indent=\count499

(/usr/local/texlive/2025/texmf-dist/tex/latex/logreq/logreq.def
File: logreq.def 2010/08/04 v1.0 logreq spec v1.0
))
\c@tabx@nest=\count500
\c@listtotal=\count501
\c@listcount=\count502
\c@liststart=\count503
\c@liststop=\count504
\c@citecount=\count505
\c@citetotal=\count506
\c@multicitecount=\count507
\c@multicitetotal=\count508
\c@instcount=\count509
\c@maxnames=\count510
\c@minnames=\count511
\c@maxitems=\count512
\c@minitems=\count513
\c@citecounter=\count514
\c@maxcitecounter=\count515
\c@savedcitecounter=\count516
\c@uniquelist=\count517
\c@uniquename=\count518
\c@refsection=\count519
\c@refsegment=\count520
\c@maxextratitle=\count521
\c@maxextratitleyear=\count522
\c@maxextraname=\count523
\c@maxextradate=\count524
\c@maxextraalpha=\count525
\c@abbrvpenalty=\count526
\c@highnamepenalty=\count527
\c@lownamepenalty=\count528
\c@maxparens=\count529
\c@parenlevel=\count530
\blx@tempcnta=\count531
\blx@tempcntb=\count532
\blx@tempcntc=\count533
\c@blx@maxsection=\count534
\blx@maxsegment@0=\count535
\blx@notetype=\count536
\blx@parenlevel@text=\count537
\blx@parenlevel@foot=\count538
\blx@sectionciteorder@0=\count539
\blx@sectionciteorderinternal@0=\count540
\blx@entrysetcounter=\count541
\blx@biblioinstance=\count542
\labelnumberwidth=\skip162
\labelalphawidth=\skip163
\biblabelsep=\skip164
\bibitemsep=\skip165
\bibnamesep=\skip166
\bibinitsep=\skip167
\bibparsep=\skip168
\bibhang=\skip169
\blx@bcfin=\read5
\blx@bcfout=\write8
\blx@langwohyphens=\language90
\c@mincomprange=\count543
\c@maxcomprange=\count544
\c@mincompwidth=\count545
Package biblatex Info: Trying to load biblatex default data model...
Package biblatex Info: ... file 'blx-dm.def' found.

(/usr/local/texlive/2025/texmf-dist/tex/latex/biblatex/blx-dm.def
File: blx-dm.def 2025/07/10 v3.21 biblatex datamodel (PK/MW)
)
Package biblatex Info: Trying to load biblatex style data model...
Package biblatex Info: ... file 'gb7714-2015.dbx' not found.
Package biblatex Info: Trying to load biblatex custom data model...
Package biblatex Info: ... file 'biblatex-dm.cfg' not found.
\c@afterword=\count546
\c@savedafterword=\count547
\c@annotator=\count548
\c@savedannotator=\count549
\c@author=\count550
\c@savedauthor=\count551
\c@bookauthor=\count552
\c@savedbookauthor=\count553
\c@commentator=\count554
\c@savedcommentator=\count555
\c@editor=\count556
\c@savededitor=\count557
\c@editora=\count558
\c@savededitora=\count559
\c@editorb=\count560
\c@savededitorb=\count561
\c@editorc=\count562
\c@savededitorc=\count563
\c@foreword=\count564
\c@savedforeword=\count565
\c@holder=\count566
\c@savedholder=\count567
\c@introduction=\count568
\c@savedintroduction=\count569
\c@namea=\count570
\c@savednamea=\count571
\c@nameb=\count572
\c@savednameb=\count573
\c@namec=\count574
\c@savednamec=\count575
\c@translator=\count576
\c@savedtranslator=\count577
\c@shortauthor=\count578
\c@savedshortauthor=\count579
\c@shorteditor=\count580
\c@savedshorteditor=\count581
\c@labelname=\count582
\c@savedlabelname=\count583
\c@institution=\count584
\c@savedinstitution=\count585
\c@lista=\count586
\c@savedlista=\count587
\c@listb=\count588
\c@savedlistb=\count589
\c@listc=\count590
\c@savedlistc=\count591
\c@listd=\count592
\c@savedlistd=\count593
\c@liste=\count594
\c@savedliste=\count595
\c@listf=\count596
\c@savedlistf=\count597
\c@location=\count598
\c@savedlocation=\count599
\c@organization=\count600
\c@savedorganization=\count601
\c@origlocation=\count602
\c@savedoriglocation=\count603
\c@origpublisher=\count604
\c@savedorigpublisher=\count605
\c@publisher=\count606
\c@savedpublisher=\count607
\c@language=\count608
\c@savedlanguage=\count609
\c@origlanguage=\count610
\c@savedoriglanguage=\count611
\c@pageref=\count612
\c@savedpageref=\count613
\shorthandwidth=\skip170
\shortjournalwidth=\skip171
\shortserieswidth=\skip172
\shorttitlewidth=\skip173
\shortauthorwidth=\skip174
\shorteditorwidth=\skip175
\locallabelnumberwidth=\skip176
\locallabelalphawidth=\skip177
\localshorthandwidth=\skip178
\localshortjournalwidth=\skip179
\localshortserieswidth=\skip180
\localshorttitlewidth=\skip181
\localshortauthorwidth=\skip182
\localshorteditorwidth=\skip183
Package biblatex Info: Trying to load enhanced support for Unicode engines...
Package biblatex Info: ... file 'blx-unicode.def' found.

(/usr/local/texlive/2025/texmf-dist/tex/latex/biblatex/blx-unicode.def)
Package biblatex Info: Trying to load compatibility code...
Package biblatex Info: ... file 'blx-compat.def' found.

(/usr/local/texlive/2025/texmf-dist/tex/latex/biblatex/blx-compat.def
File: blx-compat.def 2025/07/10 v3.21 biblatex compatibility (PK/MW)
)
Package biblatex Info: Trying to load generic definitions...
Package biblatex Info: ... file 'biblatex.def' found.

(/usr/local/texlive/2025/texmf-dist/tex/latex/biblatex/biblatex.def
File: biblatex.def 2025/07/10 v3.21 biblatex compatibility (PK/MW)
\c@textcitecount=\count614
\c@textcitetotal=\count615
\c@textcitemaxnames=\count616
\c@biburlbigbreakpenalty=\count617
\c@biburlbreakpenalty=\count618
\c@biburlnumpenalty=\count619
\c@biburlucpenalty=\count620
\c@biburllcpenalty=\count621
\biburlbigskip=\muskip19
\biburlnumskip=\muskip20
\biburlucskip=\muskip21
\biburllcskip=\muskip22
\c@smartand=\count622
)
Package biblatex Info: Trying to load bibliography style 'gb7714-2015'...
Package biblatex Info: ... file 'gb7714-2015.bbx' found.

(/usr/local/texlive/2025/texmf-dist/tex/latex/biblatex-gb7714-2015/gb7714-2015.
bbx
File: gb7714-2015.bbx 2025/06/10 v1.1vbiblatex bibliography style
Package biblatex Info: Trying to load bibliography style 'numeric-comp'...
Package biblatex Info: ... file 'numeric-comp.bbx' found.
 (/usr/local/texlive/2025/texmf-dist/tex/latex/biblatex/bbx/numeric-comp.bbx
File: numeric-comp.bbx 2025/07/10 v3.21 biblatex bibliography style (PK/MW)
Package biblatex Info: Trying to load bibliography style 'numeric'...
Package biblatex Info: ... file 'numeric.bbx' found.
(/usr/local/texlive/2025/texmf-dist/tex/latex/biblatex/bbx/numeric.bbx
File: numeric.bbx 2025/07/10 v3.21 biblatex bibliography style (PK/MW)
Package biblatex Info: Trying to load bibliography style 'standard'...
Package biblatex Info: ... file 'standard.bbx' found.

(/usr/local/texlive/2025/texmf-dist/tex/latex/biblatex/bbx/standard.bbx
File: standard.bbx 2025/07/10 v3.21 biblatex bibliography style (PK/MW)
\c@bbx:relatedcount=\count623
\c@bbx:relatedtotal=\count624
)))
(/usr/local/texlive/2025/texmf-dist/tex/generic/xstring/xstring.sty
(/usr/local/texlive/2025/texmf-dist/tex/generic/xstring/xstring.tex
\xs_counta=\count625
\xs_countb=\count626
)
Package: xstring 2023/08/22 v1.86 String manipulations (CT)
)
\BracketLift=\skip184
\footbibmargin=\skip185
\footbiblabelsep=\skip186
\c@gbnamefmtcase=\count627
\c@gbalignlabel=\count628
\c@gbcitelocalcase=\count629
\c@gbbiblocalcase=\count630
\c@lanordernum=\count631
\bibitemindent=\skip187
\biblabelextend=\skip188
\bibextramargin=\skip189
Package biblatex Info: Delimiter 'finalnamedelim' in context '' already defined
, overwriting.
)
Package biblatex Info: Trying to load citation style 'gb7714-2015'...
Package biblatex Info: ... file 'gb7714-2015.cbx' found.

(/usr/local/texlive/2025/texmf-dist/tex/latex/biblatex-gb7714-2015/gb7714-2015.
cbx
File: gb7714-2015.cbx a biblatex citation style for GB/T 7714-2015
Package biblatex Info: Trying to load citation style 'numeric-comp'...
Package biblatex Info: ... file 'numeric-comp.cbx' found.
 (/usr/local/texlive/2025/texmf-dist/tex/latex/biblatex/cbx/numeric-comp.cbx
File: numeric-comp.cbx 2025/07/10 v3.21 biblatex citation style (PK/MW)
\c@cbx@tempcnta=\count632
\c@cbx@tempcntb=\count633
\c@cbx@tempcntc=\count634
\c@cbx@tempcntd=\count635
Package biblatex Info: Redefining '\cite'.
Package biblatex Info: Redefining '\parencite'.
Package biblatex Info: Redefining '\footcite'.
Package biblatex Info: Redefining '\footcitetext'.
Package biblatex Info: Redefining '\smartcite'.
Package biblatex Info: Redefining '\supercite'.
Package biblatex Info: Redefining '\textcite'.
Package biblatex Info: Redefining '\textcites'.
Package biblatex Info: Redefining '\cites'.
Package biblatex Info: Redefining '\parencites'.
Package biblatex Info: Redefining '\smartcites'.
)
\c@gbrefcompress=\count636
Package biblatex Info: Redefining '\cite'.
Package biblatex Info: Redefining '\parencite'.
Package biblatex Info: Redefining '\cbx@textcite'.
)
Package biblatex Info: Trying to load configuration file...
Package biblatex Info: ... file 'biblatex.cfg' found.
 (/usr/local/texlive/2025/texmf-dist/tex/latex/biblatex/biblatex.cfg
File: biblatex.cfg 
)
Package biblatex Info: XeTeX detected.
(biblatex)             Assuming input encoding 'utf8'.
Package biblatex Info: Document encoding is UTF8 ....
Package biblatex Info: ... and expl3
(biblatex)             2025-11-14 L3 programming layer (loader) 
(biblatex)             is new enough (at least 2020/04/06),
(biblatex)             setting 'casechanger=expl3'.

(/usr/local/texlive/2025/texmf-dist/tex/latex/biblatex/blx-case-expl3.sty
Package: blx-case-expl3 2025/07/10 v3.21 expl3 case changing code for biblatex
))
(/usr/local/texlive/2025/texmf-dist/tex/latex/appendix/appendix.sty
Package: appendix 2020/02/08 v1.2c extra appendix facilities
\c@@pps=\count637
\c@@ppsavesec=\count638
\c@@ppsaveapp=\count639
))
(/usr/local/texlive/2025/texmf-dist/tex/latex/ragged2e/ragged2e.sty
Package: ragged2e 2023/06/22 v3.6 ragged2e Package
\CenteringLeftskip=\skip190
\RaggedLeftLeftskip=\skip191
\RaggedRightLeftskip=\skip192
\CenteringRightskip=\skip193
\RaggedLeftRightskip=\skip194
\RaggedRightRightskip=\skip195
\CenteringParfillskip=\skip196
\RaggedLeftParfillskip=\skip197
\RaggedRightParfillskip=\skip198
\JustifyingParfillskip=\skip199
\CenteringParindent=\skip256
\RaggedLeftParindent=\skip257
\RaggedRightParindent=\skip258
\JustifyingParindent=\skip259
)
(/usr/local/texlive/2025/texmf-dist/tex/latex/placeins/placeins.sty
Package: placeins 2005/04/18  v 2.2
)
Package translations Info: No language package found. I am going to use `englis
h' as default language. on input line 145.
\@quotelevel=\count640
\@quotereset=\count641

(./main.aux)
\openout1 = `main.aux'.

LaTeX Font Info:    Checking defaults for OML/cmm/m/it on input line 145.
LaTeX Font Info:    ... okay on input line 145.
LaTeX Font Info:    Checking defaults for OMS/cmsy/m/n on input line 145.
LaTeX Font Info:    ... okay on input line 145.
LaTeX Font Info:    Checking defaults for OT1/cmr/m/n on input line 145.
LaTeX Font Info:    ... okay on input line 145.
LaTeX Font Info:    Checking defaults for T1/cmr/m/n on input line 145.
LaTeX Font Info:    ... okay on input line 145.
LaTeX Font Info:    Checking defaults for TS1/cmr/m/n on input line 145.
LaTeX Font Info:    ... okay on input line 145.
LaTeX Font Info:    Checking defaults for TU/lmr/m/n on input line 145.
LaTeX Font Info:    ... okay on input line 145.
LaTeX Font Info:    Checking defaults for OMX/cmex/m/n on input line 145.
LaTeX Font Info:    ... okay on input line 145.
LaTeX Font Info:    Checking defaults for U/cmr/m/n on input line 145.
LaTeX Font Info:    ... okay on input line 145.
LaTeX Font Info:    Checking defaults for PD1/pdf/m/n on input line 145.
LaTeX Font Info:    ... okay on input line 145.
LaTeX Font Info:    Checking defaults for PU/pdf/m/n on input line 145.
LaTeX Font Info:    ... okay on input line 145.

(/usr/local/texlive/2025/texmf-dist/tex/latex/translations/translations-basic-d
ictionary-english.trsl
File: translations-basic-dictionary-english.trsl (english translation file `tra
nslations-basic-dictionary')
)
Package translations Info: loading dictionary `translations-basic-dictionary' f
or `english'. on input line 145.

*geometry* driver: auto-detecting
*geometry* detected driver: xetex
*geometry* verbose mode - [ preamble ] result:
* driver: xetex
* paper: a4paper
* layout: <same size as paper>
* layoutoffset:(h,v)=(0.0pt,0.0pt)
* modes: includehead includefoot twoside asymmetric 
* h-part:(L,W,R)=(73.97716pt, 449.55356pt, 73.97716pt)
* v-part:(T,H,B)=(59.75095pt, 728.3904pt, 56.9055pt)
* \paperwidth=597.50787pt
* \paperheight=845.04684pt
* \textwidth=449.55356pt
* \textheight=666.5166pt
* \oddsidemargin=1.70717pt
* \evensidemargin=1.70717pt
* \topmargin=-12.51904pt
* \headheight=15.0pt
* \headsep=19.8738pt
* \topskip=12.0pt
* \footskip=30.0pt
* \marginparwidth=98.0pt
* \marginparsep=7.0pt
* \columnsep=10.0pt
* \skip\footins=10.8pt plus 4.0pt minus 2.0pt
* \hoffset=0.0pt
* \voffset=0.0pt
* \mag=1000
* \@twocolumnfalse
* \@twosidetrue
* \@mparswitchfalse
* \@reversemarginfalse
* (1in=72.27pt=25.4mm, 1cm=28.453pt)

(/usr/local/texlive/2025/texmf-dist/tex/latex/pdflscape/pdflscape.sty
Package: pdflscape 2025-06-23 v0.14 Display of landscape pages in PDF

(/usr/local/texlive/2025/texmf-dist/tex/latex/pdflscape/pdflscape-nometadata.st
y
Package: pdflscape-nometadata 2025-06-23 v0.14 Display of landscape pages in PD
F (HO)
 (/usr/local/texlive/2025/texmf-dist/tex/latex/graphics/lscape.sty
Package: lscape 2020/05/28 v3.02 Landscape Pages (DPC)
)
Package pdflscape Info: Auto-detected driver: dvipdfm (xetex) on input line 98.

))
\c@lstlisting=\count642
Package newfloat Info: `float' package detected.
Package caption Info: Begin \AtBeginDocument code.
Package caption Info: hyperref package is loaded.
Package caption Info: End \AtBeginDocument code.
Package hyperref Info: Link coloring OFF on input line 145.
Package biblatex Info: Trying to load language 'english'...
Package biblatex Info: ... file 'english.lbx' found.

(/usr/local/texlive/2025/texmf-dist/tex/latex/biblatex/lbx/english.lbx
File: english.lbx 2025/07/10 v3.21 biblatex localization (PK/MW)
)
Package biblatex Info: XeTeX detected.
(biblatex)             Assuming input encoding 'utf8'.
Package biblatex Info: Automatic encoding selection.
(biblatex)             Assuming data encoding 'utf8'.
\openout8 = `main.bcf'.

Package biblatex Info: Trying to load bibliographic data...
Package biblatex Info: ... file 'main.bbl' found.

(./main.bbl

Package biblatex Warning: Biber reported the following issues
(biblatex)                with 'worldnuclearassociationWorldNuclearEnergy2026':

(biblatex)                - Datamodel: report entry 'worldnuclearassociationWor
ldNuclearEnergy2026' (References/reference.bib): Invalid field 'languageid' for
 entrytype 'report'.


Package biblatex Warning: Biber reported the following issues
(biblatex)                with 'worldnuclearassociationWorldNuclearEnergy2026':

(biblatex)                - Datamodel: report entry 'worldnuclearassociationWor
ldNuclearEnergy2026' (References/reference.bib): Invalid field 'lansortorder' f
or entrytype 'report'.


Package biblatex Warning: Biber reported the following issues
(biblatex)                with 'worldnuclearassociationWorldNuclearEnergy2026':

(biblatex)                - Datamodel: report entry 'worldnuclearassociationWor
ldNuclearEnergy2026' (References/reference.bib): Invalid field 'publisher' for 
entrytype 'report'.


Package biblatex Warning: Biber reported the following issues
(biblatex)                with 'worldnuclearassociationWorldNuclearEnergy2026':

(biblatex)                - Datamodel: report entry 'worldnuclearassociationWor
ldNuclearEnergy2026' (References/reference.bib): Missing mandatory field 'type'
.


Package biblatex Warning: Biber reported the following issues
(biblatex)                with 'parrishReviewMicrostructuralFeatures2018':
(biblatex)                - Datamodel: article entry 'parrishReviewMicrostructu
ralFeatures2018' (References/reference.bib): Invalid field 'languageid' for ent
rytype 'article'.


Package biblatex Warning: Biber reported the following issues
(biblatex)                with 'parrishReviewMicrostructuralFeatures2018':
(biblatex)                - Datamodel: article entry 'parrishReviewMicrostructu
ralFeatures2018' (References/reference.bib): Invalid field 'lansortorder' for e
ntrytype 'article'.


Package biblatex Warning: Biber reported the following issues
(biblatex)                with 'boberPlutoniumRedistributionFast1973':
(biblatex)                - Datamodel: article entry 'boberPlutoniumRedistribut
ionFast1973' (References/reference.bib): Invalid field 'languageid' for entryty
pe 'article'.


Package biblatex Warning: Biber reported the following issues
(biblatex)                with 'boberPlutoniumRedistributionFast1973':
(biblatex)                - Datamodel: article entry 'boberPlutoniumRedistribut
ionFast1973' (References/reference.bib): Invalid field 'lansortorder' for entry
type 'article'.


Package biblatex Warning: Biber reported the following issues
(biblatex)                with 'vanuffelenReviewFuelPerformance2019':
(biblatex)                - Datamodel: article entry 'vanuffelenReviewFuelPerfo
rmance2019' (References/reference.bib): Invalid field 'languageid' for entrytyp
e 'article'.


Package biblatex Warning: Biber reported the following issues
(biblatex)                with 'vanuffelenReviewFuelPerformance2019':
(biblatex)                - Datamodel: article entry 'vanuffelenReviewFuelPerfo
rmance2019' (References/reference.bib): Invalid field 'lansortorder' for entryt
ype 'article'.


Package biblatex Warning: Biber reported the following issues
(biblatex)                with 'porterFAST10Computer2020':
(biblatex)                - Datamodel: report entry 'porterFAST10Computer2020' 
(References/reference.bib): Invalid field 'languageid' for entrytype 'report'.


Package biblatex Warning: Biber reported the following issues
(biblatex)                with 'porterFAST10Computer2020':
(biblatex)                - Datamodel: report entry 'porterFAST10Computer2020' 
(References/reference.bib): Invalid field 'lansortorder' for entrytype 'report'
.


Package biblatex Warning: Biber reported the following issues
(biblatex)                with 'porterFAST10Computer2020':
(biblatex)                - Datamodel: report entry 'porterFAST10Computer2020' 
(References/reference.bib): Invalid field 'publisher' for entrytype 'report'.


Package biblatex Warning: Biber reported the following issues
(biblatex)                with 'porterFAST10Computer2020':
(biblatex)                - Datamodel: report entry 'porterFAST10Computer2020' 
(References/reference.bib): Missing mandatory field 'type'.


Package biblatex Warning: Biber reported the following issues
(biblatex)                with 'lassmannTRANSURANUSFuelRod1992':
(biblatex)                - Datamodel: article entry 'lassmannTRANSURANUSFuelRo
d1992' (References/reference.bib): Invalid field 'languageid' for entrytype 'ar
ticle'.


Package biblatex Warning: Biber reported the following issues
(biblatex)                with 'lassmannTRANSURANUSFuelRod1992':
(biblatex)                - Datamodel: article entry 'lassmannTRANSURANUSFuelRo
d1992' (References/reference.bib): Invalid field 'lansortorder' for entrytype '
article'.


Package biblatex Warning: Biber reported the following issues
(biblatex)                with 'udagawaModelUpdatesFEMAXI2019':
(biblatex)                - Datamodel: article entry 'udagawaModelUpdatesFEMAXI
2019' (References/reference.bib): Invalid field 'languageid' for entrytype 'art
icle'.


Package biblatex Warning: Biber reported the following issues
(biblatex)                with 'udagawaModelUpdatesFEMAXI2019':
(biblatex)                - Datamodel: article entry 'udagawaModelUpdatesFEMAXI
2019' (References/reference.bib): Invalid field 'lansortorder' for entrytype 'a
rticle'.


Package biblatex Warning: Biber reported the following issues
(biblatex)                with 'yuDevelopmentFuelROd2012':
(biblatex)                - Datamodel: article entry 'yuDevelopmentFuelROd2012'
 (References/reference.bib): Invalid field 'languageid' for entrytype 'article'
.


Package biblatex Warning: Biber reported the following issues
(biblatex)                with 'yuDevelopmentFuelROd2012':
(biblatex)                - Datamodel: article entry 'yuDevelopmentFuelROd2012'
 (References/reference.bib): Invalid field 'lansortorder' for entrytype 'articl
e'.


Package biblatex Warning: Biber reported the following issues
(biblatex)                with 'liaoModificationUpdateFROBA2019':
(biblatex)                - Datamodel: article entry 'liaoModificationUpdateFRO
BA2019' (References/reference.bib): Invalid field 'languageid' for entrytype 'a
rticle'.


Package biblatex Warning: Biber reported the following issues
(biblatex)                with 'liaoModificationUpdateFROBA2019':
(biblatex)                - Datamodel: article entry 'liaoModificationUpdateFRO
BA2019' (References/reference.bib): Invalid field 'lansortorder' for entrytype 
'article'.


Package biblatex Warning: Biber reported the following issues
(biblatex)                with 'xingFuelRodAnalysis2021':
(biblatex)                - Datamodel: article entry 'xingFuelRodAnalysis2021' 
(References/reference.bib): Invalid field 'languageid' for entrytype 'article'.



Package biblatex Warning: Biber reported the following issues
(biblatex)                with 'xingFuelRodAnalysis2021':
(biblatex)                - Datamodel: article entry 'xingFuelRodAnalysis2021' 
(References/reference.bib): Invalid field 'lansortorder' for entrytype 'article
'.


Package biblatex Warning: Biber reported the following issues
(biblatex)                with 'moalSCANAIRTransientFuel2014':
(biblatex)                - Datamodel: article entry 'moalSCANAIRTransientFuel2
014' (References/reference.bib): Invalid field 'languageid' for entrytype 'arti
cle'.


Package biblatex Warning: Biber reported the following issues
(biblatex)                with 'moalSCANAIRTransientFuel2014':
(biblatex)                - Datamodel: article entry 'moalSCANAIRTransientFuel2
014' (References/reference.bib): Invalid field 'lansortorder' for entrytype 'ar
ticle'.


Package biblatex Warning: Biber reported the following issues
(biblatex)                with 'hanValidationApplicationFTPAC2014':
(biblatex)                - Datamodel: article entry 'hanValidationApplicationF
TPAC2014' (References/reference.bib): Invalid field 'languageid' for entrytype 
'article'.


Package biblatex Warning: Biber reported the following issues
(biblatex)                with 'hanValidationApplicationFTPAC2014':
(biblatex)                - Datamodel: article entry 'hanValidationApplicationF
TPAC2014' (References/reference.bib): Invalid field 'lansortorder' for entrytyp
e 'article'.


Package biblatex Warning: Biber reported the following issues
(biblatex)                with 'introiniALCYONEFuelPerformance2024':
(biblatex)                - Datamodel: article entry 'introiniALCYONEFuelPerfor
mance2024' (References/reference.bib): Invalid field 'languageid' for entrytype
 'article'.


Package biblatex Warning: Biber reported the following issues
(biblatex)                with 'introiniALCYONEFuelPerformance2024':
(biblatex)                - Datamodel: article entry 'introiniALCYONEFuelPerfor
mance2024' (References/reference.bib): Invalid field 'lansortorder' for entryty
pe 'article'.


Package biblatex Warning: Biber reported the following issues
(biblatex)                with 'williamsonBISONFlexibleCode2021':
(biblatex)                - Datamodel: article entry 'williamsonBISONFlexibleCo
de2021' (References/reference.bib): Invalid field 'languageid' for entrytype 'a
rticle'.


Package biblatex Warning: Biber reported the following issues
(biblatex)                with 'williamsonBISONFlexibleCode2021':
(biblatex)                - Datamodel: article entry 'williamsonBISONFlexibleCo
de2021' (References/reference.bib): Invalid field 'lansortorder' for entrytype 
'article'.


Package biblatex Warning: Biber reported the following issues
(biblatex)                with 'dimarcelloExtensionTRANSURANUSPlutonium2012':
(biblatex)                - Datamodel: article entry 'dimarcelloExtensionTRANSU
RANUSPlutonium2012' (References/reference.bib): Invalid field 'languageid' for 
entrytype 'article'.


Package biblatex Warning: Biber reported the following issues
(biblatex)                with 'dimarcelloExtensionTRANSURANUSPlutonium2012':
(biblatex)                - Datamodel: article entry 'dimarcelloExtensionTRANSU
RANUSPlutonium2012' (References/reference.bib): Invalid field 'lansortorder' fo
r entrytype 'article'.


Package biblatex Warning: Biber reported the following issues
(biblatex)                with 'dimarcelloModellingActinideRedistribution2014':

(biblatex)                - Datamodel: article entry 'dimarcelloModellingActini
deRedistribution2014' (References/reference.bib): Invalid field 'languageid' fo
r entrytype 'article'.


Package biblatex Warning: Biber reported the following issues
(biblatex)                with 'dimarcelloModellingActinideRedistribution2014':

(biblatex)                - Datamodel: article entry 'dimarcelloModellingActini
deRedistribution2014' (References/reference.bib): Invalid field 'lansortorder' 
for entrytype 'article'.


Package biblatex Warning: Biber reported the following issues
(biblatex)                with 'dengUpgradeFROBACode2026':
(biblatex)                - Datamodel: article entry 'dengUpgradeFROBACode2026'
 (References/reference.bib): Invalid field 'languageid' for entrytype 'article'
.


Package biblatex Warning: Biber reported the following issues
(biblatex)                with 'dengUpgradeFROBACode2026':
(biblatex)                - Datamodel: article entry 'dengUpgradeFROBACode2026'
 (References/reference.bib): Invalid field 'lansortorder' for entrytype 'articl
e'.


Package biblatex Warning: Biber reported the following issues
(biblatex)                with 'weiModelingFuelRodJASMINE2017':
(biblatex)                - Datamodel: inproceedings entry 'weiModelingFuelRodJ
ASMINE2017' (References/reference.bib): Field 'address' invalid in data model -
 ignoring.


Package biblatex Warning: Biber reported the following issues
(biblatex)                with 'weiModelingFuelRodJASMINE2017':
(biblatex)                - Datamodel: inproceedings entry 'weiModelingFuelRodJ
ASMINE2017' (References/reference.bib): Invalid field 'languageid' for entrytyp
e 'inproceedings'.


Package biblatex Warning: Biber reported the following issues
(biblatex)                with 'weiModelingFuelRodJASMINE2017':
(biblatex)                - Datamodel: inproceedings entry 'weiModelingFuelRodJ
ASMINE2017' (References/reference.bib): Invalid field 'lansortorder' for entryt
ype 'inproceedings'.


Package biblatex Warning: Biber reported the following issues
(biblatex)                with 'wangAnalysisAssessmentBeO2024':
(biblatex)                - Datamodel: inproceedings entry 'wangAnalysisAssessm
entBeO2024' (References/reference.bib): Field 'address' invalid in data model -
 ignoring.


Package biblatex Warning: Biber reported the following issues
(biblatex)                with 'wangAnalysisAssessmentBeO2024':
(biblatex)                - Datamodel: inproceedings entry 'wangAnalysisAssessm
entBeO2024' (References/reference.bib): Invalid field 'languageid' for entrytyp
e 'inproceedings'.


Package biblatex Warning: Biber reported the following issues
(biblatex)                with 'wangAnalysisAssessmentBeO2024':
(biblatex)                - Datamodel: inproceedings entry 'wangAnalysisAssessm
entBeO2024' (References/reference.bib): Invalid field 'lansortorder' for entryt
ype 'inproceedings'.


Package biblatex Warning: Biber reported the following issues
(biblatex)                with 'xuStudyAnalysisPlutonium2025':
(biblatex)                - Datamodel: article entry 'xuStudyAnalysisPlutonium2
025' (References/reference.bib): Invalid field 'languageid' for entrytype 'arti
cle'.


Package biblatex Warning: Biber reported the following issues
(biblatex)                with 'xuStudyAnalysisPlutonium2025':
(biblatex)                - Datamodel: article entry 'xuStudyAnalysisPlutonium2
025' (References/reference.bib): Invalid field 'lansortorder' for entrytype 'ar
ticle'.


Package biblatex Warning: Biber reported the following issues
(biblatex)                with 'forsbergDiffusionTheoryFission1985':
(biblatex)                - Datamodel: article entry 'forsbergDiffusionTheoryFi
ssion1985' (References/reference.bib): Invalid field 'languageid' for entrytype
 'article'.


Package biblatex Warning: Biber reported the following issues
(biblatex)                with 'forsbergDiffusionTheoryFission1985':
(biblatex)                - Datamodel: article entry 'forsbergDiffusionTheoryFi
ssion1985' (References/reference.bib): Invalid field 'lansortorder' for entryty
pe 'article'.


Package biblatex Warning: Biber reported the following issues
(biblatex)                with 'pizzocriSCIANTIXNewOpen2020':
(biblatex)                - Datamodel: article entry 'pizzocriSCIANTIXNewOpen20
20' (References/reference.bib): Invalid field 'languageid' for entrytype 'artic
le'.


Package biblatex Warning: Biber reported the following issues
(biblatex)                with 'pizzocriSCIANTIXNewOpen2020':
(biblatex)                - Datamodel: article entry 'pizzocriSCIANTIXNewOpen20
20' (References/reference.bib): Invalid field 'lansortorder' for entrytype 'art
icle'.


Package biblatex Warning: Biber reported the following issues
(biblatex)                with 'zulloSCIANTIXCodeFission2023':
(biblatex)                - Datamodel: article entry 'zulloSCIANTIXCodeFission2
023' (References/reference.bib): Invalid field 'languageid' for entrytype 'arti
cle'.


Package biblatex Warning: Biber reported the following issues
(biblatex)                with 'zulloSCIANTIXCodeFission2023':
(biblatex)                - Datamodel: article entry 'zulloSCIANTIXCodeFission2
023' (References/reference.bib): Invalid field 'lansortorder' for entrytype 'ar
ticle'.


Package biblatex Warning: Biber reported the following issues
(biblatex)                with 'magniApplicationSCIANTIXFission2022':
(biblatex)                - Datamodel: article entry 'magniApplicationSCIANTIXF
ission2022' (References/reference.bib): Invalid field 'languageid' for entrytyp
e 'article'.


Package biblatex Warning: Biber reported the following issues
(biblatex)                with 'magniApplicationSCIANTIXFission2022':
(biblatex)                - Datamodel: article entry 'magniApplicationSCIANTIXF
ission2022' (References/reference.bib): Invalid field 'lansortorder' for entryt
ype 'article'.


Package biblatex Warning: Biber reported the following issues
(biblatex)                with 'kouDevelopmentApplicationMechanism2026':
(biblatex)                - Datamodel: article entry 'kouDevelopmentApplication
Mechanism2026' (References/reference.bib): Invalid field 'languageid' for entry
type 'article'.


Package biblatex Warning: Biber reported the following issues
(biblatex)                with 'kouDevelopmentApplicationMechanism2026':
(biblatex)                - Datamodel: article entry 'kouDevelopmentApplication
Mechanism2026' (References/reference.bib): Invalid field 'lansortorder' for ent
rytype 'article'.


Package biblatex Warning: Biber reported the following issues
(biblatex)                with 'cheMachineLearningAssistedSurrogate2022':
(biblatex)                - Datamodel: article entry 'cheMachineLearningAssiste
dSurrogate2022' (References/reference.bib): Invalid field 'languageid' for entr
ytype 'article'.


Package biblatex Warning: Biber reported the following issues
(biblatex)                with 'cheMachineLearningAssistedSurrogate2022':
(biblatex)                - Datamodel: article entry 'cheMachineLearningAssiste
dSurrogate2022' (References/reference.bib): Invalid field 'lansortorder' for en
trytype 'article'.


Package biblatex Warning: Biber reported the following issues
(biblatex)                with 'zhouDeepHeterogeneousJoint2025':
(biblatex)                - Datamodel: article entry 'zhouDeepHeterogeneousJoin
t2025' (References/reference.bib): Invalid field 'languageid' for entrytype 'ar
ticle'.


Package biblatex Warning: Biber reported the following issues
(biblatex)                with 'zhouDeepHeterogeneousJoint2025':
(biblatex)                - Datamodel: article entry 'zhouDeepHeterogeneousJoin
t2025' (References/reference.bib): Invalid field 'lansortorder' for entrytype '
article'.


Package biblatex Warning: Biber reported the following issues
(biblatex)                with 'zhangLearningSimulateQuasiSteady2025':
(biblatex)                - Datamodel: article entry 'zhangLearningSimulateQuas
iSteady2025' (References/reference.bib): Invalid field 'languageid' for entryty
pe 'article'.


Package biblatex Warning: Biber reported the following issues
(biblatex)                with 'zhangLearningSimulateQuasiSteady2025':
(biblatex)                - Datamodel: article entry 'zhangLearningSimulateQuas
iSteady2025' (References/reference.bib): Invalid field 'lansortorder' for entry
type 'article'.


Package biblatex Warning: Biber reported the following issues
(biblatex)                with 'hagrmanSCDAPRELAP5MOD1995':
(biblatex)                - Datamodel: online entry 'hagrmanSCDAPRELAP5MOD1995'
 (References/reference.bib): Invalid field 'institution' for entrytype 'online'
.


Package biblatex Warning: Biber reported the following issues
(biblatex)                with 'hagrmanSCDAPRELAP5MOD1995':
(biblatex)                - Datamodel: online entry 'hagrmanSCDAPRELAP5MOD1995'
 (References/reference.bib): Invalid field 'languageid' for entrytype 'online'.



Package biblatex Warning: Biber reported the following issues
(biblatex)                with 'hagrmanSCDAPRELAP5MOD1995':
(biblatex)                - Datamodel: online entry 'hagrmanSCDAPRELAP5MOD1995'
 (References/reference.bib): Invalid field 'lansortorder' for entrytype 'online
'.


Package biblatex Warning: Biber reported the following issues
(biblatex)                with 'hagrmanSCDAPRELAP5MOD1995':
(biblatex)                - Datamodel: online entry 'hagrmanSCDAPRELAP5MOD1995'
 (References/reference.bib): Invalid field 'publisher' for entrytype 'online'.


Package biblatex Warning: Biber reported the following issues
(biblatex)                with 'luscherMaterialPropertyCorrelations2010':
(biblatex)                - Datamodel: online entry 'luscherMaterialPropertyCor
relations2010' (References/reference.bib): Invalid field 'institution' for entr
ytype 'online'.


Package biblatex Warning: Biber reported the following issues
(biblatex)                with 'luscherMaterialPropertyCorrelations2010':
(biblatex)                - Datamodel: online entry 'luscherMaterialPropertyCor
relations2010' (References/reference.bib): Invalid field 'languageid' for entry
type 'online'.


Package biblatex Warning: Biber reported the following issues
(biblatex)                with 'luscherMaterialPropertyCorrelations2010':
(biblatex)                - Datamodel: online entry 'luscherMaterialPropertyCor
relations2010' (References/reference.bib): Invalid field 'lansortorder' for ent
rytype 'online'.


Package biblatex Warning: Biber reported the following issues
(biblatex)                with 'luscherMaterialPropertyCorrelations2010':
(biblatex)                - Datamodel: online entry 'luscherMaterialPropertyCor
relations2010' (References/reference.bib): Invalid field 'number' for entrytype
 'online'.


Package biblatex Warning: Biber reported the following issues
(biblatex)                with 'luscherMaterialPropertyCorrelations2010':
(biblatex)                - Datamodel: online entry 'luscherMaterialPropertyCor
relations2010' (References/reference.bib): Invalid field 'publisher' for entryt
ype 'online'.


Package biblatex Warning: Biber reported the following issues
(biblatex)                with 'halesBISONTheoryManual2016':
(biblatex)                - Datamodel: report entry 'halesBISONTheoryManual2016
' (References/reference.bib): Invalid field 'languageid' for entrytype 'report'
.


Package biblatex Warning: Biber reported the following issues
(biblatex)                with 'halesBISONTheoryManual2016':
(biblatex)                - Datamodel: report entry 'halesBISONTheoryManual2016
' (References/reference.bib): Invalid field 'lansortorder' for entrytype 'repor
t'.


Package biblatex Warning: Biber reported the following issues
(biblatex)                with 'halesBISONTheoryManual2016':
(biblatex)                - Datamodel: report entry 'halesBISONTheoryManual2016
' (References/reference.bib): Invalid field 'publisher' for entrytype 'report'.



Package biblatex Warning: Biber reported the following issues
(biblatex)                with 'halesBISONTheoryManual2016':
(biblatex)                - Datamodel: report entry 'halesBISONTheoryManual2016
' (References/reference.bib): Missing mandatory field 'type'.


Package biblatex Warning: Biber reported the following issues
(biblatex)                with 'crawfordFuelsSodiumcooledFast2007':
(biblatex)                - Datamodel: article entry 'crawfordFuelsSodiumcooled
Fast2007' (References/reference.bib): Invalid field 'languageid' for entrytype 
'article'.


Package biblatex Warning: Biber reported the following issues
(biblatex)                with 'crawfordFuelsSodiumcooledFast2007':
(biblatex)                - Datamodel: article entry 'crawfordFuelsSodiumcooled
Fast2007' (References/reference.bib): Invalid field 'lansortorder' for entrytyp
e 'article'.


Package biblatex Warning: Biber reported the following issues
(biblatex)                with 'inoueThermalConductivityUranium2000':
(biblatex)                - Datamodel: article entry 'inoueThermalConductivityU
ranium2000' (References/reference.bib): Invalid field 'languageid' for entrytyp
e 'article'.


Package biblatex Warning: Biber reported the following issues
(biblatex)                with 'inoueThermalConductivityUranium2000':
(biblatex)                - Datamodel: article entry 'inoueThermalConductivityU
ranium2000' (References/reference.bib): Invalid field 'lansortorder' for entryt
ype 'article'.


Package biblatex Warning: Biber reported the following issues
(biblatex)                with 'garnerComparisonSwellingIrradiation2000':
(biblatex)                - Datamodel: article entry 'garnerComparisonSwellingI
rradiation2000' (References/reference.bib): Invalid field 'languageid' for entr
ytype 'article'.


Package biblatex Warning: Biber reported the following issues
(biblatex)                with 'garnerComparisonSwellingIrradiation2000':
(biblatex)                - Datamodel: article entry 'garnerComparisonSwellingI
rradiation2000' (References/reference.bib): Invalid field 'lansortorder' for en
trytype 'article'.


Package biblatex Warning: Biber reported the following issues
(biblatex)                with 'lathaThermalCreepProperties2008':
(biblatex)                - Datamodel: article entry 'lathaThermalCreepProperti
es2008' (References/reference.bib): Invalid field 'languageid' for entrytype 'a
rticle'.


Package biblatex Warning: Biber reported the following issues
(biblatex)                with 'lathaThermalCreepProperties2008':
(biblatex)                - Datamodel: article entry 'lathaThermalCreepProperti
es2008' (References/reference.bib): Invalid field 'lansortorder' for entrytype 
'article'.


Package biblatex Warning: Biber reported the following issues
(biblatex)                with 'leibowitzThermalConductivityThermal1988':
(biblatex)                - Datamodel: article entry 'leibowitzThermalConductiv
ityThermal1988' (References/reference.bib): Invalid field 'languageid' for entr
ytype 'article'.


Package biblatex Warning: Biber reported the following issues
(biblatex)                with 'leibowitzThermalConductivityThermal1988':
(biblatex)                - Datamodel: article entry 'leibowitzThermalConductiv
ityThermal1988' (References/reference.bib): Invalid field 'lansortorder' for en
trytype 'article'.


Package biblatex Warning: Biber reported the following issues
(biblatex)                with 'chenIRRADIATIONEFFECTSHT92013':
(biblatex)                - Datamodel: article entry 'chenIRRADIATIONEFFECTSHT9
2013' (References/reference.bib): Invalid field 'languageid' for entrytype 'art
icle'.


Package biblatex Warning: Biber reported the following issues
(biblatex)                with 'chenIRRADIATIONEFFECTSHT92013':
(biblatex)                - Datamodel: article entry 'chenIRRADIATIONEFFECTSHT9
2013' (References/reference.bib): Invalid field 'lansortorder' for entrytype 'a
rticle'.


Package biblatex Warning: Biber reported the following issues
(biblatex)                with 'MiletJNM1983':
(biblatex)                - Datamodel: article entry 'MiletJNM1983' (References
/reference.bib): Invalid field 'languageid' for entrytype 'article'.


Package biblatex Warning: Biber reported the following issues
(biblatex)                with 'MiletJNM1983':
(biblatex)                - Datamodel: article entry 'MiletJNM1983' (References
/reference.bib): Invalid field 'lansortorder' for entrytype 'article'.


Package biblatex Warning: Biber reported the following issues
(biblatex)                with 'fancherESCOREEPRISteadystate1987':
(biblatex)                - Datamodel: online entry 'fancherESCOREEPRISteadysta
te1987' (References/reference.bib): Invalid field 'institution' for entrytype '
online'.


Package biblatex Warning: Biber reported the following issues
(biblatex)                with 'fancherESCOREEPRISteadystate1987':
(biblatex)                - Datamodel: online entry 'fancherESCOREEPRISteadysta
te1987' (References/reference.bib): Invalid field 'languageid' for entrytype 'o
nline'.


Package biblatex Warning: Biber reported the following issues
(biblatex)                with 'fancherESCOREEPRISteadystate1987':
(biblatex)                - Datamodel: online entry 'fancherESCOREEPRISteadysta
te1987' (References/reference.bib): Invalid field 'lansortorder' for entrytype 
'online'.


Package biblatex Warning: Biber reported the following issues
(biblatex)                with 'fancherESCOREEPRISteadystate1987':
(biblatex)                - Datamodel: online entry 'fancherESCOREEPRISteadysta
te1987' (References/reference.bib): Invalid field 'number' for entrytype 'onlin
e'.


Package biblatex Warning: Biber reported the following issues
(biblatex)                with 'fancherESCOREEPRISteadystate1987':
(biblatex)                - Datamodel: online entry 'fancherESCOREEPRISteadysta
te1987' (References/reference.bib): Invalid field 'publisher' for entrytype 'on
line'.


Package biblatex Warning: Biber reported the following issues
(biblatex)                with 'rossHEATTRANSFERCOEFFICIENT1962':
(biblatex)                - Datamodel: online entry 'rossHEATTRANSFERCOEFFICIEN
T1962' (References/reference.bib): Invalid field 'institution' for entrytype 'o
nline'.


Package biblatex Warning: Biber reported the following issues
(biblatex)                with 'rossHEATTRANSFERCOEFFICIENT1962':
(biblatex)                - Datamodel: online entry 'rossHEATTRANSFERCOEFFICIEN
T1962' (References/reference.bib): Invalid field 'languageid' for entrytype 'on
line'.


Package biblatex Warning: Biber reported the following issues
(biblatex)                with 'rossHEATTRANSFERCOEFFICIENT1962':
(biblatex)                - Datamodel: online entry 'rossHEATTRANSFERCOEFFICIEN
T1962' (References/reference.bib): Invalid field 'lansortorder' for entrytype '
online'.


Package biblatex Warning: Biber reported the following issues
(biblatex)                with 'rossHEATTRANSFERCOEFFICIENT1962':
(biblatex)                - Datamodel: online entry 'rossHEATTRANSFERCOEFFICIEN
T1962' (References/reference.bib): Invalid field 'number' for entrytype 'online
'.


Package biblatex Warning: Biber reported the following issues
(biblatex)                with 'rossHEATTRANSFERCOEFFICIENT1962':
(biblatex)                - Datamodel: online entry 'rossHEATTRANSFERCOEFFICIEN
T1962' (References/reference.bib): Invalid field 'publisher' for entrytype 'onl
ine'.


Package biblatex Warning: Biber reported the following issues
(biblatex)                with 'brokawApproximateFormulasViscosity1958':
(biblatex)                - Datamodel: article entry 'brokawApproximateFormulas
Viscosity1958' (References/reference.bib): Invalid field 'languageid' for entry
type 'article'.


Package biblatex Warning: Biber reported the following issues
(biblatex)                with 'brokawApproximateFormulasViscosity1958':
(biblatex)                - Datamodel: article entry 'brokawApproximateFormulas
Viscosity1958' (References/reference.bib): Invalid field 'lansortorder' for ent
rytype 'article'.


Package biblatex Warning: Biber reported the following issues
(biblatex)                with 'lanningReviewMethodsApplicable1975':
(biblatex)                - Datamodel: online entry 'lanningReviewMethodsApplic
able1975' (References/reference.bib): Invalid field 'institution' for entrytype
 'online'.


Package biblatex Warning: Biber reported the following issues
(biblatex)                with 'lanningReviewMethodsApplicable1975':
(biblatex)                - Datamodel: online entry 'lanningReviewMethodsApplic
able1975' (References/reference.bib): Invalid field 'languageid' for entrytype 
'online'.


Package biblatex Warning: Biber reported the following issues
(biblatex)                with 'lanningReviewMethodsApplicable1975':
(biblatex)                - Datamodel: online entry 'lanningReviewMethodsApplic
able1975' (References/reference.bib): Invalid field 'lansortorder' for entrytyp
e 'online'.


Package biblatex Warning: Biber reported the following issues
(biblatex)                with 'lanningReviewMethodsApplicable1975':
(biblatex)                - Datamodel: online entry 'lanningReviewMethodsApplic
able1975' (References/reference.bib): Invalid field 'number' for entrytype 'onl
ine'.


Package biblatex Warning: Biber reported the following issues
(biblatex)                with 'lanningReviewMethodsApplicable1975':
(biblatex)                - Datamodel: online entry 'lanningReviewMethodsApplic
able1975' (References/reference.bib): Invalid field 'publisher' for entrytype '
online'.


Package biblatex Warning: Biber reported the following issues
(biblatex)                with 'toptanGapConductanceModeling2019':
(biblatex)                - Datamodel: article entry 'toptanGapConductanceModel
ing2019' (References/reference.bib): Invalid field 'languageid' for entrytype '
article'.


Package biblatex Warning: Biber reported the following issues
(biblatex)                with 'toptanGapConductanceModeling2019':
(biblatex)                - Datamodel: article entry 'toptanGapConductanceModel
ing2019' (References/reference.bib): Invalid field 'lansortorder' for entrytype
 'article'.


Package biblatex Warning: Biber reported the following issues
(biblatex)                with 'toptanModelingGapConductance2020':
(biblatex)                - Datamodel: article entry 'toptanModelingGapConducta
nce2020' (References/reference.bib): Invalid field 'languageid' for entrytype '
article'.


Package biblatex Warning: Biber reported the following issues
(biblatex)                with 'toptanModelingGapConductance2020':
(biblatex)                - Datamodel: article entry 'toptanModelingGapConducta
nce2020' (References/reference.bib): Invalid field 'lansortorder' for entrytype
 'article'.


Package biblatex Warning: Biber reported the following issues
(biblatex)                with 'birdTransportPhenomena1976':
(biblatex)                - Datamodel: book entry 'birdTransportPhenomena1976' 
(References/reference.bib): Field 'address' invalid in data model - ignoring.


Package biblatex Warning: Biber reported the following issues
(biblatex)                with 'birdTransportPhenomena1976':
(biblatex)                - Datamodel: book entry 'birdTransportPhenomena1976' 
(References/reference.bib): Invalid field 'languageid' for entrytype 'book'.


Package biblatex Warning: Biber reported the following issues
(biblatex)                with 'birdTransportPhenomena1976':
(biblatex)                - Datamodel: book entry 'birdTransportPhenomena1976' 
(References/reference.bib): Invalid field 'lansortorder' for entrytype 'book'.


Package biblatex Warning: Biber reported the following issues
(biblatex)                with 'cazadoModelNuclearFuel2018':
(biblatex)                - Datamodel: article entry 'cazadoModelNuclearFuel201
8' (References/reference.bib): Invalid field 'languageid' for entrytype 'articl
e'.


Package biblatex Warning: Biber reported the following issues
(biblatex)                with 'cazadoModelNuclearFuel2018':
(biblatex)                - Datamodel: article entry 'cazadoModelNuclearFuel201
8' (References/reference.bib): Invalid field 'lansortorder' for entrytype 'arti
cle'.


Package biblatex Warning: Biber reported the following issues
(biblatex)                with 'baraniAnalysisTransientFission2017':
(biblatex)                - Datamodel: article entry 'baraniAnalysisTransientFi
ssion2017' (References/reference.bib): Invalid field 'languageid' for entrytype
 'article'.


Package biblatex Warning: Biber reported the following issues
(biblatex)                with 'baraniAnalysisTransientFission2017':
(biblatex)                - Datamodel: article entry 'baraniAnalysisTransientFi
ssion2017' (References/reference.bib): Invalid field 'lansortorder' for entryty
pe 'article'.


Package biblatex Warning: Biber reported the following issues
(biblatex)                with 'pastoreModellingTransientFission2014':
(biblatex)                - Datamodel: inproceedings entry 'pastoreModellingTra
nsientFission2014' (References/reference.bib): Invalid field 'languageid' for e
ntrytype 'inproceedings'.


Package biblatex Warning: Biber reported the following issues
(biblatex)                with 'pastoreModellingTransientFission2014':
(biblatex)                - Datamodel: inproceedings entry 'pastoreModellingTra
nsientFission2014' (References/reference.bib): Invalid field 'lansortorder' for
 entrytype 'inproceedings'.


Package biblatex Warning: Biber reported the following issues
(biblatex)                with 'hofmanMetallicFuelsHandbook2019':
(biblatex)                - Datamodel: report entry 'hofmanMetallicFuelsHandboo
k2019' (References/reference.bib): Invalid field 'languageid' for entrytype 're
port'.


Package biblatex Warning: Biber reported the following issues
(biblatex)                with 'hofmanMetallicFuelsHandbook2019':
(biblatex)                - Datamodel: report entry 'hofmanMetallicFuelsHandboo
k2019' (References/reference.bib): Invalid field 'lansortorder' for entrytype '
report'.


Package biblatex Warning: Biber reported the following issues
(biblatex)                with 'hofmanMetallicFuelsHandbook2019':
(biblatex)                - Datamodel: report entry 'hofmanMetallicFuelsHandboo
k2019' (References/reference.bib): Invalid field 'publisher' for entrytype 'rep
ort'.


Package biblatex Warning: Biber reported the following issues
(biblatex)                with 'hofmanMetallicFuelsHandbook2019':
(biblatex)                - Datamodel: report entry 'hofmanMetallicFuelsHandboo
k2019' (References/reference.bib): Missing mandatory field 'type'.


Package biblatex Warning: Biber reported the following issues
(biblatex)                with 'mills2002':
(biblatex)                - Datamodel: book entry 'mills2002' (References/refer
ence.bib): Invalid field 'languageid' for entrytype 'book'.


Package biblatex Warning: Biber reported the following issues
(biblatex)                with 'mills2002':
(biblatex)                - Datamodel: book entry 'mills2002' (References/refer
ence.bib): Invalid field 'lansortorder' for entrytype 'book'.


Package biblatex Warning: Biber reported the following issues
(biblatex)                with 'Leibowitz_1988':
(biblatex)                - Datamodel: article entry 'Leibowitz_1988' (Referenc
es/reference.bib): Invalid field 'languageid' for entrytype 'article'.


Package biblatex Warning: Biber reported the following issues
(biblatex)                with 'Leibowitz_1988':
(biblatex)                - Datamodel: article entry 'Leibowitz_1988' (Referenc
es/reference.bib): Invalid field 'lansortorder' for entrytype 'article'.


Package biblatex Warning: Biber reported the following issues
(biblatex)                with 'banerjee2007_d9cp':
(biblatex)                - Datamodel: article entry 'banerjee2007_d9cp' (Refer
ences/reference.bib): Invalid field 'languageid' for entrytype 'article'.


Package biblatex Warning: Biber reported the following issues
(biblatex)                with 'banerjee2007_d9cp':
(biblatex)                - Datamodel: article entry 'banerjee2007_d9cp' (Refer
ences/reference.bib): Invalid field 'lansortorder' for entrytype 'article'.


Package biblatex Warning: Biber reported the following issues
(biblatex)                with 'Yamanouchi_1992':
(biblatex)                - Datamodel: article entry 'Yamanouchi_1992' (Referen
ces/reference.bib): Invalid field 'languageid' for entrytype 'article'.


Package biblatex Warning: Biber reported the following issues
(biblatex)                with 'Yamanouchi_1992':
(biblatex)                - Datamodel: article entry 'Yamanouchi_1992' (Referen
ces/reference.bib): Invalid field 'lansortorder' for entrytype 'article'.


Package biblatex Warning: Biber reported the following issues
(biblatex)                with 'Hammond1979ornl5442':
(biblatex)                - Datamodel: online entry 'Hammond1979ornl5442' (Refe
rences/reference.bib): Invalid field 'institution' for entrytype 'online'.


Package biblatex Warning: Biber reported the following issues
(biblatex)                with 'Hammond1979ornl5442':
(biblatex)                - Datamodel: online entry 'Hammond1979ornl5442' (Refe
rences/reference.bib): Invalid field 'languageid' for entrytype 'online'.


Package biblatex Warning: Biber reported the following issues
(biblatex)                with 'Hammond1979ornl5442':
(biblatex)                - Datamodel: online entry 'Hammond1979ornl5442' (Refe
rences/reference.bib): Invalid field 'lansortorder' for entrytype 'online'.


Package biblatex Warning: Biber reported the following issues
(biblatex)                with 'Hammond1979ornl5442':
(biblatex)                - Datamodel: online entry 'Hammond1979ornl5442' (Refe
rences/reference.bib): Invalid field 'number' for entrytype 'online'.


Package biblatex Warning: Biber reported the following issues
(biblatex)                with 'Hammond1979ornl5442':
(biblatex)                - Datamodel: online entry 'Hammond1979ornl5442' (Refe
rences/reference.bib): Invalid field 'publisher' for entrytype 'online'.


Package biblatex Warning: Biber reported the following issues
(biblatex)                with 'FanningSAS4ASASSYS1Safety2017':
(biblatex)                - Datamodel: report entry 'FanningSAS4ASASSYS1Safety2
017' (References/reference.bib): Invalid field 'languageid' for entrytype 'repo
rt'.


Package biblatex Warning: Biber reported the following issues
(biblatex)                with 'FanningSAS4ASASSYS1Safety2017':
(biblatex)                - Datamodel: report entry 'FanningSAS4ASASSYS1Safety2
017' (References/reference.bib): Invalid field 'lansortorder' for entrytype 're
port'.


Package biblatex Warning: Biber reported the following issues
(biblatex)                with 'FanningSAS4ASASSYS1Safety2017':
(biblatex)                - Datamodel: report entry 'FanningSAS4ASASSYS1Safety2
017' (References/reference.bib): Invalid field 'publisher' for entrytype 'repor
t'.


Package biblatex Warning: Biber reported the following issues
(biblatex)                with 'FanningSAS4ASASSYS1Safety2017':
(biblatex)                - Datamodel: report entry 'FanningSAS4ASASSYS1Safety2
017' (References/reference.bib): Missing mandatory field 'type'.


Package biblatex Warning: Biber reported the following issues
(biblatex)                with 'KARAHAN2010283':
(biblatex)                - Datamodel: article entry 'KARAHAN2010283' (Referenc
es/reference.bib): Invalid field 'languageid' for entrytype 'article'.


Package biblatex Warning: Biber reported the following issues
(biblatex)                with 'KARAHAN2010283':
(biblatex)                - Datamodel: article entry 'KARAHAN2010283' (Referenc
es/reference.bib): Invalid field 'lansortorder' for entrytype 'article'.


Package biblatex Warning: Biber reported the following issues
(biblatex)                with 'kanekoCalculationProgramMIVOID1969':
(biblatex)                - Datamodel: article entry 'kanekoCalculationProgramM
IVOID1969' (References/reference.bib): Invalid field 'languageid' for entrytype
 'article'.


Package biblatex Warning: Biber reported the following issues
(biblatex)                with 'kanekoCalculationProgramMIVOID1969':
(biblatex)                - Datamodel: article entry 'kanekoCalculationProgramM
IVOID1969' (References/reference.bib): Invalid field 'lansortorder' for entryty
pe 'article'.


Package biblatex Warning: Biber reported the following issues
(biblatex)                with 'vanceComputerSimulationPore2017':
(biblatex)                - Datamodel: thesis entry 'vanceComputerSimulationPor
e2017' (References/reference.bib): Invalid field 'languageid' for entrytype 'th
esis'.


Package biblatex Warning: Biber reported the following issues
(biblatex)                with 'vanceComputerSimulationPore2017':
(biblatex)                - Datamodel: thesis entry 'vanceComputerSimulationPor
e2017' (References/reference.bib): Invalid field 'lansortorder' for entrytype '
thesis'.


Package biblatex Warning: Biber reported the following issues
(biblatex)                with 'sensKineticsPoreMovement1972':
(biblatex)                - Datamodel: article entry 'sensKineticsPoreMovement1
972' (References/reference.bib): Invalid field 'languageid' for entrytype 'arti
cle'.


Package biblatex Warning: Biber reported the following issues
(biblatex)                with 'sensKineticsPoreMovement1972':
(biblatex)                - Datamodel: article entry 'sensKineticsPoreMovement1
972' (References/reference.bib): Invalid field 'lansortorder' for entrytype 'ar
ticle'.


Package biblatex Warning: Biber reported the following issues
(biblatex)                with 'ronchiPropertiesLenticularPores1974':
(biblatex)                - Datamodel: article entry 'ronchiPropertiesLenticula
rPores1974' (References/reference.bib): Invalid field 'languageid' for entrytyp
e 'article'.


Package biblatex Warning: Biber reported the following issues
(biblatex)                with 'ronchiPropertiesLenticularPores1974':
(biblatex)                - Datamodel: article entry 'ronchiPropertiesLenticula
rPores1974' (References/reference.bib): Invalid field 'lansortorder' for entryt
ype 'article'.


Package biblatex Warning: Biber reported the following issues
(biblatex)                with 'novasconeModelingPorosityMigration2018':
(biblatex)                - Datamodel: article entry 'novasconeModelingPorosity
Migration2018' (References/reference.bib): Invalid field 'languageid' for entry
type 'article'.


Package biblatex Warning: Biber reported the following issues
(biblatex)                with 'novasconeModelingPorosityMigration2018':
(biblatex)                - Datamodel: article entry 'novasconeModelingPorosity
Migration2018' (References/reference.bib): Invalid field 'lansortorder' for ent
rytype 'article'.


Package biblatex Warning: Biber reported the following issues
(biblatex)                with 'wellandMatterTransportFast2020':
(biblatex)                - Datamodel: incollection entry 'wellandMatterTranspo
rtFast2020' (References/reference.bib): Invalid field 'languageid' for entrytyp
e 'incollection'.


Package biblatex Warning: Biber reported the following issues
(biblatex)                with 'wellandMatterTransportFast2020':
(biblatex)                - Datamodel: incollection entry 'wellandMatterTranspo
rtFast2020' (References/reference.bib): Invalid field 'lansortorder' for entryt
ype 'incollection'.


Package biblatex Warning: Biber reported the following issues
(biblatex)                with 'gallowayModelingConstituentRedistribution2015':

(biblatex)                - Datamodel: article entry 'gallowayModelingConstitue
ntRedistribution2015' (References/reference.bib): Invalid field 'languageid' fo
r entrytype 'article'.


Package biblatex Warning: Biber reported the following issues
(biblatex)                with 'gallowayModelingConstituentRedistribution2015':

(biblatex)                - Datamodel: article entry 'gallowayModelingConstitue
ntRedistribution2015' (References/reference.bib): Invalid field 'lansortorder' 
for entrytype 'article'.


Package biblatex Warning: Biber reported the following issues
(biblatex)                with 'nicholsTheoryColumnarGrain1967':
(biblatex)                - Datamodel: article entry 'nicholsTheoryColumnarGrai
n1967' (References/reference.bib): Invalid field 'languageid' for entrytype 'ar
ticle'.


Package biblatex Warning: Biber reported the following issues
(biblatex)                with 'nicholsTheoryColumnarGrain1967':
(biblatex)                - Datamodel: article entry 'nicholsTheoryColumnarGrai
n1967' (References/reference.bib): Invalid field 'lansortorder' for entrytype '
article'.


Package biblatex Warning: Biber reported the following issues
(biblatex)                with 'olanderFundamentalAspectsNuclear1976':
(biblatex)                - Datamodel: online entry 'olanderFundamentalAspectsN
uclear1976' (References/reference.bib): Invalid field 'institution' for entryty
pe 'online'.


Package biblatex Warning: Biber reported the following issues
(biblatex)                with 'olanderFundamentalAspectsNuclear1976':
(biblatex)                - Datamodel: online entry 'olanderFundamentalAspectsN
uclear1976' (References/reference.bib): Invalid field 'languageid' for entrytyp
e 'online'.


Package biblatex Warning: Biber reported the following issues
(biblatex)                with 'olanderFundamentalAspectsNuclear1976':
(biblatex)                - Datamodel: online entry 'olanderFundamentalAspectsN
uclear1976' (References/reference.bib): Invalid field 'lansortorder' for entryt
ype 'online'.


Package biblatex Warning: Biber reported the following issues
(biblatex)                with 'olanderFundamentalAspectsNuclear1976':
(biblatex)                - Datamodel: online entry 'olanderFundamentalAspectsN
uclear1976' (References/reference.bib): Invalid field 'number' for entrytype 'o
nline'.


Package biblatex Warning: Biber reported the following issues
(biblatex)                with 'olanderFundamentalAspectsNuclear1976':
(biblatex)                - Datamodel: online entry 'olanderFundamentalAspectsN
uclear1976' (References/reference.bib): Invalid field 'publisher' for entrytype
 'online'.


Package biblatex Warning: Biber reported the following issues
(biblatex)                with 'ikusawaDevelopmentVerificationThermal2014':
(biblatex)                - Datamodel: inproceedings entry 'ikusawaDevelopmentV
erificationThermal2014' (References/reference.bib): Field 'address' invalid in 
data model - ignoring.


Package biblatex Warning: Biber reported the following issues
(biblatex)                with 'ikusawaDevelopmentVerificationThermal2014':
(biblatex)                - Datamodel: inproceedings entry 'ikusawaDevelopmentV
erificationThermal2014' (References/reference.bib): Invalid field 'languageid' 
for entrytype 'inproceedings'.


Package biblatex Warning: Biber reported the following issues
(biblatex)                with 'ikusawaDevelopmentVerificationThermal2014':
(biblatex)                - Datamodel: inproceedings entry 'ikusawaDevelopmentV
erificationThermal2014' (References/reference.bib): Invalid field 'lansortorder
' for entrytype 'inproceedings'.


Package biblatex Warning: Biber reported the following issues
(biblatex)                with 'nicholsDiffusionalMobilitiesParticles1972':
(biblatex)                - Datamodel: article entry 'nicholsDiffusionalMobilit
iesParticles1972' (References/reference.bib): Invalid field 'languageid' for en
trytype 'article'.


Package biblatex Warning: Biber reported the following issues
(biblatex)                with 'nicholsDiffusionalMobilitiesParticles1972':
(biblatex)                - Datamodel: article entry 'nicholsDiffusionalMobilit
iesParticles1972' (References/reference.bib): Invalid field 'lansortorder' for 
entrytype 'article'.


Package biblatex Warning: Biber reported the following issues
(biblatex)                with 'lackeyPorosityActinideRedistribution1972':
(biblatex)                - Datamodel: article entry 'lackeyPorosityActinideRed
istribution1972' (References/reference.bib): Invalid field 'languageid' for ent
rytype 'article'.


Package biblatex Warning: Biber reported the following issues
(biblatex)                with 'lackeyPorosityActinideRedistribution1972':
(biblatex)                - Datamodel: article entry 'lackeyPorosityActinideRed
istribution1972' (References/reference.bib): Invalid field 'lansortorder' for e
ntrytype 'article'.


Package biblatex Warning: Biber reported the following issues
(biblatex)                with 'ozawaDevelopmentFuelPerformance2021':
(biblatex)                - Datamodel: article entry 'ozawaDevelopmentFuelPerfo
rmance2021' (References/reference.bib): Invalid field 'languageid' for entrytyp
e 'article'.


Package biblatex Warning: Biber reported the following issues
(biblatex)                with 'ozawaDevelopmentFuelPerformance2021':
(biblatex)                - Datamodel: article entry 'ozawaDevelopmentFuelPerfo
rmance2021' (References/reference.bib): Invalid field 'lansortorder' for entryt
ype 'article'.


Package biblatex Warning: Biber reported the following issues
(biblatex)                with 'katoOxygenPotentialsOxygen2017':
(biblatex)                - Datamodel: article entry 'katoOxygenPotentialsOxyge
n2017' (References/reference.bib): Invalid field 'languageid' for entrytype 'ar
ticle'.


Package biblatex Warning: Biber reported the following issues
(biblatex)                with 'katoOxygenPotentialsOxygen2017':
(biblatex)                - Datamodel: article entry 'katoOxygenPotentialsOxyge
n2017' (References/reference.bib): Invalid field 'lansortorder' for entrytype '
article'.


Package biblatex Warning: Biber reported the following issues
(biblatex)                with 'adhikaryAnalysisFiniteElement2011':
(biblatex)                - Datamodel: article entry 'adhikaryAnalysisFiniteEle
ment2011' (References/reference.bib): Invalid field 'languageid' for entrytype 
'article'.


Package biblatex Warning: Biber reported the following issues
(biblatex)                with 'adhikaryAnalysisFiniteElement2011':
(biblatex)                - Datamodel: article entry 'adhikaryAnalysisFiniteEle
ment2011' (References/reference.bib): Invalid field 'lansortorder' for entrytyp
e 'article'.


Package biblatex Warning: Biber reported the following issues
(biblatex)                with 'brooksStreamlineUpwindPetrovgalerkin1982':
(biblatex)                - Datamodel: article entry 'brooksStreamlineUpwindPet
rovgalerkin1982' (References/reference.bib): Invalid field 'languageid' for ent
rytype 'article'.


Package biblatex Warning: Biber reported the following issues
(biblatex)                with 'brooksStreamlineUpwindPetrovgalerkin1982':
(biblatex)                - Datamodel: article entry 'brooksStreamlineUpwindPet
rovgalerkin1982' (References/reference.bib): Invalid field 'lansortorder' for e
ntrytype 'article'.


Package biblatex Warning: Biber reported the following issues
(biblatex)                with 'johnsonFiniteElementMethods1984':
(biblatex)                - Datamodel: article entry 'johnsonFiniteElementMetho
ds1984' (References/reference.bib): Invalid field 'languageid' for entrytype 'a
rticle'.


Package biblatex Warning: Biber reported the following issues
(biblatex)                with 'johnsonFiniteElementMethods1984':
(biblatex)                - Datamodel: article entry 'johnsonFiniteElementMetho
ds1984' (References/reference.bib): Invalid field 'lansortorder' for entrytype 
'article'.


Package biblatex Warning: Biber reported the following issues
(biblatex)                with 'shuonanStabilizedFiniteElement2024':
(biblatex)                - Datamodel: article entry 'shuonanStabilizedFiniteEl
ement2024' (References/reference.bib): Invalid field 'languageid' for entrytype
 'article'.


Package biblatex Warning: Biber reported the following issues
(biblatex)                with 'shuonanStabilizedFiniteElement2024':
(biblatex)                - Datamodel: article entry 'shuonanStabilizedFiniteEl
ement2024' (References/reference.bib): Invalid field 'lansortorder' for entryty
pe 'article'.


Package biblatex Warning: Biber reported the following issues
(biblatex)                with 'moukalledFiniteVolumeMethod2016':
(biblatex)                - Datamodel: book entry 'moukalledFiniteVolumeMethod2
016' (References/reference.bib): Field 'address' invalid in data model - ignori
ng.


Package biblatex Warning: Biber reported the following issues
(biblatex)                with 'moukalledFiniteVolumeMethod2016':
(biblatex)                - Datamodel: book entry 'moukalledFiniteVolumeMethod2
016' (References/reference.bib): Invalid field 'languageid' for entrytype 'book
'.


Package biblatex Warning: Biber reported the following issues
(biblatex)                with 'moukalledFiniteVolumeMethod2016':
(biblatex)                - Datamodel: book entry 'moukalledFiniteVolumeMethod2
016' (References/reference.bib): Invalid field 'lansortorder' for entrytype 'bo
ok'.


Package biblatex Warning: Biber reported the following issues
(biblatex)                with 'WangZhaoHaoYangHuaWuRanLiaoZhongQiKongQianYiDeD
uoFangFaDuoWuLiChangMoNiYanJiu2025':
(biblatex)                - Datamodel: article entry 'WangZhaoHaoYangHuaWuRanLi
aoZhongQiKongQianYiDeDuoFangFaDuoWuLiChangMoNiYanJiu2025' (References/reference
.bib): Invalid field 'languageid' for entrytype 'article'.


Package biblatex Warning: Biber reported the following issues
(biblatex)                with 'WangZhaoHaoYangHuaWuRanLiaoZhongQiKongQianYiDeD
uoFangFaDuoWuLiChangMoNiYanJiu2025':
(biblatex)                - Datamodel: article entry 'WangZhaoHaoYangHuaWuRanLi
aoZhongQiKongQianYiDeDuoFangFaDuoWuLiChangMoNiYanJiu2025' (References/reference
.bib): Invalid field 'lansortorder' for entrytype 'article'.


Package biblatex Warning: Biber reported the following issues
(biblatex)                with 'clementPlutoniumRedistributionMixed1978':
(biblatex)                - Datamodel: article entry 'clementPlutoniumRedistrib
utionMixed1978' (References/reference.bib): Invalid field 'languageid' for entr
ytype 'article'.


Package biblatex Warning: Biber reported the following issues
(biblatex)                with 'clementPlutoniumRedistributionMixed1978':
(biblatex)                - Datamodel: article entry 'clementPlutoniumRedistrib
utionMixed1978' (References/reference.bib): Invalid field 'lansortorder' for en
trytype 'article'.


Package biblatex Warning: Biber reported the following issues
(biblatex)                with 'meyerAnalysisPlutoniumSegregation1974':
(biblatex)                - Datamodel: article entry 'meyerAnalysisPlutoniumSeg
regation1974' (References/reference.bib): Invalid field 'languageid' for entryt
ype 'article'.


Package biblatex Warning: Biber reported the following issues
(biblatex)                with 'meyerAnalysisPlutoniumSegregation1974':
(biblatex)                - Datamodel: article entry 'meyerAnalysisPlutoniumSeg
regation1974' (References/reference.bib): Invalid field 'lansortorder' for entr
ytype 'article'.


Package biblatex Warning: Biber reported the following issues
(biblatex)                with 'matzkeDiffusionProcessesSurface1983':
(biblatex)                - Datamodel: article entry 'matzkeDiffusionProcessesS
urface1983' (References/reference.bib): Invalid field 'languageid' for entrytyp
e 'article'.


Package biblatex Warning: Biber reported the following issues
(biblatex)                with 'matzkeDiffusionProcessesSurface1983':
(biblatex)                - Datamodel: article entry 'matzkeDiffusionProcessesS
urface1983' (References/reference.bib): Invalid field 'lansortorder' for entryt
ype 'article'.


Package biblatex Warning: Biber reported the following issues
(biblatex)                with 'boberMATERIALTRANSPORTTEMPERATURE1973':
(biblatex)                - Datamodel: incollection entry 'boberMATERIALTRANSPO
RTTEMPERATURE1973' (References/reference.bib): Invalid field 'languageid' for e
ntrytype 'incollection'.


Package biblatex Warning: Biber reported the following issues
(biblatex)                with 'boberMATERIALTRANSPORTTEMPERATURE1973':
(biblatex)                - Datamodel: incollection entry 'boberMATERIALTRANSPO
RTTEMPERATURE1973' (References/reference.bib): Invalid field 'lansortorder' for
 entrytype 'incollection'.


Package biblatex Warning: Biber reported the following issues
(biblatex)                with 'hoffmannCrackFormationCrack1974':
(biblatex)                - Datamodel: article entry 'hoffmannCrackFormationCra
ck1974' (References/reference.bib): Invalid field 'languageid' for entrytype 'a
rticle'.


Package biblatex Warning: Biber reported the following issues
(biblatex)                with 'hoffmannCrackFormationCrack1974':
(biblatex)                - Datamodel: article entry 'hoffmannCrackFormationCra
ck1974' (References/reference.bib): Invalid field 'lansortorder' for entrytype 
'article'.


Package biblatex Warning: Biber reported the following issues
(biblatex)                with 'olanderKineticsActinideRedistribution1973':
(biblatex)                - Datamodel: article entry 'olanderKineticsActinideRe
distribution1973' (References/reference.bib): Invalid field 'languageid' for en
trytype 'article'.


Package biblatex Warning: Biber reported the following issues
(biblatex)                with 'olanderKineticsActinideRedistribution1973':
(biblatex)                - Datamodel: article entry 'olanderKineticsActinideRe
distribution1973' (References/reference.bib): Invalid field 'lansortorder' for 
entrytype 'article'.


Package biblatex Warning: Biber reported the following issues
(biblatex)                with 'ishiiInvestigationPuMigration2001':
(biblatex)                - Datamodel: article entry 'ishiiInvestigationPuMigra
tion2001' (References/reference.bib): Invalid field 'languageid' for entrytype 
'article'.


Package biblatex Warning: Biber reported the following issues
(biblatex)                with 'ishiiInvestigationPuMigration2001':
(biblatex)                - Datamodel: article entry 'ishiiInvestigationPuMigra
tion2001' (References/reference.bib): Invalid field 'lansortorder' for entrytyp
e 'article'.


Package biblatex Warning: Biber reported the following issues
(biblatex)                with 'dimarcelloImprovementsTRANSURANUSCode30':
(biblatex)                - Datamodel: inproceedings entry 'dimarcelloImproveme
ntsTRANSURANUSCode30' (References/reference.bib): Field 'address' invalid in da
ta model - ignoring.


Package biblatex Warning: Biber reported the following issues
(biblatex)                with 'dimarcelloImprovementsTRANSURANUSCode30':
(biblatex)                - Datamodel: inproceedings entry 'dimarcelloImproveme
ntsTRANSURANUSCode30' (References/reference.bib): Invalid field 'languageid' fo
r entrytype 'inproceedings'.


Package biblatex Warning: Biber reported the following issues
(biblatex)                with 'dimarcelloImprovementsTRANSURANUSCode30':
(biblatex)                - Datamodel: inproceedings entry 'dimarcelloImproveme
ntsTRANSURANUSCode30' (References/reference.bib): Invalid field 'lansortorder' 
for entrytype 'inproceedings'.


Package biblatex Warning: Biber reported the following issues
(biblatex)                with 'c.f.AnalyticSolutionsMass1977':
(biblatex)                - Datamodel: article entry 'c.f.AnalyticSolutionsMass
1977' (References/reference.bib): Invalid field 'languageid' for entrytype 'art
icle'.


Package biblatex Warning: Biber reported the following issues
(biblatex)                with 'c.f.AnalyticSolutionsMass1977':
(biblatex)                - Datamodel: article entry 'c.f.AnalyticSolutionsMass
1977' (References/reference.bib): Invalid field 'lansortorder' for entrytype 'a
rticle'.


Package biblatex Warning: Biber reported the following issues
(biblatex)                with 'zotero-item-2022':
(biblatex)                - Datamodel: report entry 'zotero-item-2022' (Referen
ces/reference.bib): Field 'address' invalid in data model - ignoring.


Package biblatex Warning: Biber reported the following issues
(biblatex)                with 'zotero-item-2022':
(biblatex)                - Datamodel: report entry 'zotero-item-2022' (Referen
ces/reference.bib): Invalid field 'languageid' for entrytype 'report'.


Package biblatex Warning: Biber reported the following issues
(biblatex)                with 'zotero-item-2022':
(biblatex)                - Datamodel: report entry 'zotero-item-2022' (Referen
ces/reference.bib): Invalid field 'lansortorder' for entrytype 'report'.


Package biblatex Warning: Biber reported the following issues
(biblatex)                with 'zotero-item-2022':
(biblatex)                - Datamodel: report entry 'zotero-item-2022' (Referen
ces/reference.bib): Invalid field 'publisher' for entrytype 'report'.


Package biblatex Warning: Biber reported the following issues
(biblatex)                with 'zotero-item-2022':
(biblatex)                - Datamodel: report entry 'zotero-item-2022' (Referen
ces/reference.bib): Missing mandatory field 'type'.


Package biblatex Warning: Biber reported the following issues
(biblatex)                with 'tanakaRestructuringRedistributionActinides2013'
:
(biblatex)                - Datamodel: article entry 'tanakaRestructuringRedist
ributionActinides2013' (References/reference.bib): Invalid field 'languageid' f
or entrytype 'article'.


Package biblatex Warning: Biber reported the following issues
(biblatex)                with 'tanakaRestructuringRedistributionActinides2013'
:
(biblatex)                - Datamodel: article entry 'tanakaRestructuringRedist
ributionActinides2013' (References/reference.bib): Invalid field 'lansortorder'
 for entrytype 'article'.


Package biblatex Warning: Biber reported the following issues
(biblatex)                with 'maedaRadialRedistributionActinides2009':
(biblatex)                - Datamodel: article entry 'maedaRadialRedistribution
Actinides2009' (References/reference.bib): Invalid field 'languageid' for entry
type 'article'.


Package biblatex Warning: Biber reported the following issues
(biblatex)                with 'maedaRadialRedistributionActinides2009':
(biblatex)                - Datamodel: article entry 'maedaRadialRedistribution
Actinides2009' (References/reference.bib): Invalid field 'lansortorder' for ent
rytype 'article'.


Package biblatex Warning: Biber reported the following issues
(biblatex)                with 'schmitzDiffusionHeavyElements1965':
(biblatex)                - Datamodel: article entry 'schmitzDiffusionHeavyElem
ents1965' (References/reference.bib): Invalid field 'languageid' for entrytype 
'article'.


Package biblatex Warning: Biber reported the following issues
(biblatex)                with 'schmitzDiffusionHeavyElements1965':
(biblatex)                - Datamodel: article entry 'schmitzDiffusionHeavyElem
ents1965' (References/reference.bib): Invalid field 'lansortorder' for entrytyp
e 'article'.


Package biblatex Warning: Biber reported the following issues
(biblatex)                with 'ewartOxygenPotentialMeasurements1984':
(biblatex)                - Datamodel: article entry 'ewartOxygenPotentialMeasu
rements1984' (References/reference.bib): Invalid field 'languageid' for entryty
pe 'article'.


Package biblatex Warning: Biber reported the following issues
(biblatex)                with 'ewartOxygenPotentialMeasurements1984':
(biblatex)                - Datamodel: article entry 'ewartOxygenPotentialMeasu
rements1984' (References/reference.bib): Invalid field 'lansortorder' for entry
type 'article'.


Package biblatex Warning: Biber reported the following issues
(biblatex)                with 'newmanThreeDimensionalCoupled2009':
(biblatex)                - Datamodel: article entry 'newmanThreeDimensionalCou
pled2009' (References/reference.bib): Invalid field 'languageid' for entrytype 
'article'.


Package biblatex Warning: Biber reported the following issues
(biblatex)                with 'newmanThreeDimensionalCoupled2009':
(biblatex)                - Datamodel: article entry 'newmanThreeDimensionalCou
pled2009' (References/reference.bib): Invalid field 'lansortorder' for entrytyp
e 'article'.


Package biblatex Warning: Biber reported the following issues
(biblatex)                with 'lassmannOxiredModelRedistribution1987':
(biblatex)                - Datamodel: article entry 'lassmannOxiredModelRedist
ribution1987' (References/reference.bib): Invalid field 'languageid' for entryt
ype 'article'.


Package biblatex Warning: Biber reported the following issues
(biblatex)                with 'lassmannOxiredModelRedistribution1987':
(biblatex)                - Datamodel: article entry 'lassmannOxiredModelRedist
ribution1987' (References/reference.bib): Invalid field 'lansortorder' for entr
ytype 'article'.


Package biblatex Warning: Biber reported the following issues
(biblatex)                with 'ramirezSimulationsHeatOxygen2006':
(biblatex)                - Datamodel: article entry 'ramirezSimulationsHeatOxy
gen2006' (References/reference.bib): Invalid field 'languageid' for entrytype '
article'.


Package biblatex Warning: Biber reported the following issues
(biblatex)                with 'ramirezSimulationsHeatOxygen2006':
(biblatex)                - Datamodel: article entry 'ramirezSimulationsHeatOxy
gen2006' (References/reference.bib): Invalid field 'lansortorder' for entrytype
 'article'.


Package biblatex Warning: Biber reported the following issues
(biblatex)                with 'ruelloChemicalDiffusionUranium2004':
(biblatex)                - Datamodel: article entry 'ruelloChemicalDiffusionUr
anium2004' (References/reference.bib): Invalid field 'languageid' for entrytype
 'article'.


Package biblatex Warning: Biber reported the following issues
(biblatex)                with 'ruelloChemicalDiffusionUranium2004':
(biblatex)                - Datamodel: article entry 'ruelloChemicalDiffusionUr
anium2004' (References/reference.bib): Invalid field 'lansortorder' for entryty
pe 'article'.


Package biblatex Warning: Biber reported the following issues
(biblatex)                with 'higgsConceptualModelFuel2007':
(biblatex)                - Datamodel: article entry 'higgsConceptualModelFuel2
007' (References/reference.bib): Invalid field 'languageid' for entrytype 'arti
cle'.


Package biblatex Warning: Biber reported the following issues
(biblatex)                with 'higgsConceptualModelFuel2007':
(biblatex)                - Datamodel: article entry 'higgsConceptualModelFuel2
007' (References/reference.bib): Invalid field 'lansortorder' for entrytype 'ar
ticle'.


Package biblatex Warning: Biber reported the following issues
(biblatex)                with 'dunneIntroductionComputationalPlasticity2005':
(biblatex)                - Datamodel: book entry 'dunneIntroductionComputation
alPlasticity2005' (References/reference.bib): Field 'address' invalid in data m
odel - ignoring.


Package biblatex Warning: Biber reported the following issues
(biblatex)                with 'dunneIntroductionComputationalPlasticity2005':
(biblatex)                - Datamodel: book entry 'dunneIntroductionComputation
alPlasticity2005' (References/reference.bib): Invalid field 'languageid' for en
trytype 'book'.


Package biblatex Warning: Biber reported the following issues
(biblatex)                with 'dunneIntroductionComputationalPlasticity2005':
(biblatex)                - Datamodel: book entry 'dunneIntroductionComputation
alPlasticity2005' (References/reference.bib): Invalid field 'lansortorder' for 
entrytype 'book'.


Package biblatex Warning: Biber reported the following issues
(biblatex)                with 'denisSimulationIsothermalFission1996':
(biblatex)                - Datamodel: article entry 'denisSimulationIsothermal
Fission1996' (References/reference.bib): Invalid field 'languageid' for entryty
pe 'article'.


Package biblatex Warning: Biber reported the following issues
(biblatex)                with 'denisSimulationIsothermalFission1996':
(biblatex)                - Datamodel: article entry 'denisSimulationIsothermal
Fission1996' (References/reference.bib): Invalid field 'lansortorder' for entry
type 'article'.


Package biblatex Warning: Biber reported the following issues
(biblatex)                with 'ZhangXiaoDiHeRanLiaoXinKuaiLieBianQiTiShiFangXi
ngWeiMoNiYanJiu2016':
(biblatex)                - Datamodel: article entry 'ZhangXiaoDiHeRanLiaoXinKu
aiLieBianQiTiShiFangXingWeiMoNiYanJiu2016' (References/reference.bib): Invalid 
field 'languageid' for entrytype 'article'.


Package biblatex Warning: Biber reported the following issues
(biblatex)                with 'ZhangXiaoDiHeRanLiaoXinKuaiLieBianQiTiShiFangXi
ngWeiMoNiYanJiu2016':
(biblatex)                - Datamodel: article entry 'ZhangXiaoDiHeRanLiaoXinKu
aiLieBianQiTiShiFangXingWeiMoNiYanJiu2016' (References/reference.bib): Invalid 
field 'lansortorder' for entrytype 'article'.


Package biblatex Warning: Biber reported the following issues
(biblatex)                with 'giozuSciantixSciantixofficialSCIANTIX2025':
(biblatex)                - Datamodel: online entry 'giozuSciantixSciantixoffic
ialSCIANTIX2025' (References/reference.bib): Invalid field 'institution' for en
trytype 'online'.


Package biblatex Warning: Biber reported the following issues
(biblatex)                with 'giozuSciantixSciantixofficialSCIANTIX2025':
(biblatex)                - Datamodel: online entry 'giozuSciantixSciantixoffic
ialSCIANTIX2025' (References/reference.bib): Invalid field 'languageid' for ent
rytype 'online'.


Package biblatex Warning: Biber reported the following issues
(biblatex)                with 'giozuSciantixSciantixofficialSCIANTIX2025':
(biblatex)                - Datamodel: online entry 'giozuSciantixSciantixoffic
ialSCIANTIX2025' (References/reference.bib): Invalid field 'lansortorder' for e
ntrytype 'online'.


Package biblatex Warning: Biber reported the following issues
(biblatex)                with 'sachdeva_effect_2021':
(biblatex)                - Datamodel: article entry 'sachdeva_effect_2021' (Re
ferences/reference.bib): Invalid field 'languageid' for entrytype 'article'.


Package biblatex Warning: Biber reported the following issues
(biblatex)                with 'sachdeva_effect_2021':
(biblatex)                - Datamodel: article entry 'sachdeva_effect_2021' (Re
ferences/reference.bib): Invalid field 'lansortorder' for entrytype 'article'.


Package biblatex Warning: Biber reported the following issues
(biblatex)                with 'barella_situ_2021':
(biblatex)                - Datamodel: article entry 'barella_situ_2021' (Refer
ences/reference.bib): Invalid field 'languageid' for entrytype 'article'.


Package biblatex Warning: Biber reported the following issues
(biblatex)                with 'barella_situ_2021':
(biblatex)                - Datamodel: article entry 'barella_situ_2021' (Refer
ences/reference.bib): Invalid field 'lansortorder' for entrytype 'article'.


Package biblatex Warning: Biber reported the following issues
(biblatex)                with 'wu_doublely-doped_2021':
(biblatex)                - Datamodel: article entry 'wu_doublely-doped_2021' (
References/reference.bib): Invalid field 'languageid' for entrytype 'article'.


Package biblatex Warning: Biber reported the following issues
(biblatex)                with 'wu_doublely-doped_2021':
(biblatex)                - Datamodel: article entry 'wu_doublely-doped_2021' (
References/reference.bib): Invalid field 'lansortorder' for entrytype 'article'
.


Package biblatex Warning: Biber reported the following issues
(biblatex)                with 'luo_superhydrophobic_2021':
(biblatex)                - Datamodel: article entry 'luo_superhydrophobic_2021
' (References/reference.bib): Invalid field 'languageid' for entrytype 'article
'.


Package biblatex Warning: Biber reported the following issues
(biblatex)                with 'luo_superhydrophobic_2021':
(biblatex)                - Datamodel: article entry 'luo_superhydrophobic_2021
' (References/reference.bib): Invalid field 'lansortorder' for entrytype 'artic
le'.


Package biblatex Warning: Biber reported the following issues
(biblatex)                with 'hu_encapsulation_2021':
(biblatex)                - Datamodel: article entry 'hu_encapsulation_2021' (R
eferences/reference.bib): Invalid field 'languageid' for entrytype 'article'.


Package biblatex Warning: Biber reported the following issues
(biblatex)                with 'hu_encapsulation_2021':
(biblatex)                - Datamodel: article entry 'hu_encapsulation_2021' (R
eferences/reference.bib): Invalid field 'lansortorder' for entrytype 'article'.



Package biblatex Warning: Biber reported the following issues
(biblatex)                with 'qian_facile_2021':
(biblatex)                - Datamodel: article entry 'qian_facile_2021' (Refere
nces/reference.bib): Invalid field 'languageid' for entrytype 'article'.


Package biblatex Warning: Biber reported the following issues
(biblatex)                with 'qian_facile_2021':
(biblatex)                - Datamodel: article entry 'qian_facile_2021' (Refere
nces/reference.bib): Invalid field 'lansortorder' for entrytype 'article'.


Package biblatex Warning: Biber reported the following issues
(biblatex)                with 'evans_cooperative_2021':
(biblatex)                - Datamodel: article entry 'evans_cooperative_2021' (
References/reference.bib): Invalid field 'languageid' for entrytype 'article'.


Package biblatex Warning: Biber reported the following issues
(biblatex)                with 'evans_cooperative_2021':
(biblatex)                - Datamodel: article entry 'evans_cooperative_2021' (
References/reference.bib): Invalid field 'lansortorder' for entrytype 'article'
.


Package biblatex Warning: Biber reported the following issues
(biblatex)                with 'atta_enhanced_2021':
(biblatex)                - Datamodel: article entry 'atta_enhanced_2021' (Refe
rences/reference.bib): Invalid field 'languageid' for entrytype 'article'.


Package biblatex Warning: Biber reported the following issues
(biblatex)                with 'atta_enhanced_2021':
(biblatex)                - Datamodel: article entry 'atta_enhanced_2021' (Refe
rences/reference.bib): Invalid field 'lansortorder' for entrytype 'article'.


Package biblatex Warning: Biber reported the following issues
(biblatex)                with 'brucklacher_et_al_1973':
(biblatex)                - Datamodel: inproceedings entry 'brucklacher_et_al_1
973' (References/reference.bib): Invalid field 'languageid' for entrytype 'inpr
oceedings'.


Package biblatex Warning: Biber reported the following issues
(biblatex)                with 'brucklacher_et_al_1973':
(biblatex)                - Datamodel: inproceedings entry 'brucklacher_et_al_1
973' (References/reference.bib): Invalid field 'lansortorder' for entrytype 'in
proceedings'.


Package biblatex Warning: Biber reported the following issues
(biblatex)                with 'brucklacher_et_al_1972':
(biblatex)                - Datamodel: article entry 'brucklacher_et_al_1972' (
References/reference.bib): Invalid field 'languageid' for entrytype 'article'.


Package biblatex Warning: Biber reported the following issues
(biblatex)                with 'brucklacher_et_al_1972':
(biblatex)                - Datamodel: article entry 'brucklacher_et_al_1972' (
References/reference.bib): Invalid field 'lansortorder' for entrytype 'article'
.


Package biblatex Warning: Biber reported the following issues
(biblatex)                with 'dienst_1977':
(biblatex)                - Datamodel: article entry 'dienst_1977' (References/
reference.bib): Invalid field 'languageid' for entrytype 'article'.


Package biblatex Warning: Biber reported the following issues
(biblatex)                with 'dienst_1977':
(biblatex)                - Datamodel: article entry 'dienst_1977' (References/
reference.bib): Invalid field 'lansortorder' for entrytype 'article'.


Package biblatex Warning: Biber reported the following issues
(biblatex)                with 'mai2010':
(biblatex)                - Datamodel: article entry 'mai2010' (References/refe
rence.bib): Invalid field 'languageid' for entrytype 'article'.


Package biblatex Warning: Biber reported the following issues
(biblatex)                with 'mai2010':
(biblatex)                - Datamodel: article entry 'mai2010' (References/refe
rence.bib): Invalid field 'lansortorder' for entrytype 'article'.


Package biblatex Warning: Biber reported the following issues
(biblatex)                with 'perrin_1972':
(biblatex)                - Datamodel: article entry 'perrin_1972' (References/
reference.bib): Invalid field 'languageid' for entrytype 'article'.


Package biblatex Warning: Biber reported the following issues
(biblatex)                with 'perrin_1972':
(biblatex)                - Datamodel: article entry 'perrin_1972' (References/
reference.bib): Invalid field 'lansortorder' for entrytype 'article'.


Package biblatex Warning: Biber reported the following issues
(biblatex)                with 'hwr-1039':
(biblatex)                - Datamodel: report entry 'hwr-1039' (References/refe
rence.bib): Invalid field 'languageid' for entrytype 'report'.


Package biblatex Warning: Biber reported the following issues
(biblatex)                with 'hwr-1039':
(biblatex)                - Datamodel: report entry 'hwr-1039' (References/refe
rence.bib): Invalid field 'lansortorder' for entrytype 'report'.


Package biblatex Warning: Biber reported the following issues
(biblatex)                with 'hwr-1039':
(biblatex)                - Datamodel: report entry 'hwr-1039' (References/refe
rence.bib): Invalid field 'publisher' for entrytype 'report'.


Package biblatex Warning: Biber reported the following issues
(biblatex)                with 'hwr-1039':
(biblatex)                - Datamodel: report entry 'hwr-1039' (References/refe
rence.bib): Missing mandatory field 'type'.


Package biblatex Warning: Biber reported the following issues
(biblatex)                with 'hwr-1006':
(biblatex)                - Datamodel: report entry 'hwr-1006' (References/refe
rence.bib): Invalid field 'languageid' for entrytype 'report'.


Package biblatex Warning: Biber reported the following issues
(biblatex)                with 'hwr-1006':
(biblatex)                - Datamodel: report entry 'hwr-1006' (References/refe
rence.bib): Invalid field 'lansortorder' for entrytype 'report'.


Package biblatex Warning: Biber reported the following issues
(biblatex)                with 'hwr-1006':
(biblatex)                - Datamodel: report entry 'hwr-1006' (References/refe
rence.bib): Invalid field 'publisher' for entrytype 'report'.


Package biblatex Warning: Biber reported the following issues
(biblatex)                with 'hwr-1006':
(biblatex)                - Datamodel: report entry 'hwr-1006' (References/refe
rence.bib): Missing mandatory field 'type'.


Package biblatex Warning: Biber reported the following issues
(biblatex)                with 'solomon_1973':
(biblatex)                - Datamodel: article entry 'solomon_1973' (References
/reference.bib): Invalid field 'languageid' for entrytype 'article'.


Package biblatex Warning: Biber reported the following issues
(biblatex)                with 'solomon_1973':
(biblatex)                - Datamodel: article entry 'solomon_1973' (References
/reference.bib): Invalid field 'lansortorder' for entrytype 'article'.


Package biblatex Warning: Biber reported the following issues
(biblatex)                with 'hwr-1092':
(biblatex)                - Datamodel: report entry 'hwr-1092' (References/refe
rence.bib): Invalid field 'languageid' for entrytype 'report'.


Package biblatex Warning: Biber reported the following issues
(biblatex)                with 'hwr-1092':
(biblatex)                - Datamodel: report entry 'hwr-1092' (References/refe
rence.bib): Invalid field 'lansortorder' for entrytype 'report'.


Package biblatex Warning: Biber reported the following issues
(biblatex)                with 'hwr-1092':
(biblatex)                - Datamodel: report entry 'hwr-1092' (References/refe
rence.bib): Invalid field 'publisher' for entrytype 'report'.


Package biblatex Warning: Biber reported the following issues
(biblatex)                with 'hwr-1092':
(biblatex)                - Datamodel: report entry 'hwr-1092' (References/refe
rence.bib): Missing mandatory field 'type'.


Package biblatex Warning: Biber reported the following issues
(biblatex)                with 'inoue2004':
(biblatex)                - Datamodel: article entry 'inoue2004' (References/re
ference.bib): Invalid field 'languageid' for entrytype 'article'.


Package biblatex Warning: Biber reported the following issues
(biblatex)                with 'inoue2004':
(biblatex)                - Datamodel: article entry 'inoue2004' (References/re
ference.bib): Invalid field 'lansortorder' for entrytype 'article'.


Package biblatex Warning: Biber reported the following issues
(biblatex)                with 'turnbullDiffusionCoefficientFission1989':
(biblatex)                - Datamodel: inproceedings entry 'turnbullDiffusionCo
efficientFission1989' (References/reference.bib): Invalid field 'languageid' fo
r entrytype 'inproceedings'.


Package biblatex Warning: Biber reported the following issues
(biblatex)                with 'turnbullDiffusionCoefficientFission1989':
(biblatex)                - Datamodel: inproceedings entry 'turnbullDiffusionCo
efficientFission1989' (References/reference.bib): Invalid field 'lansortorder' 
for entrytype 'inproceedings'.


Package biblatex Warning: Biber reported the following issues
(biblatex)                with 'matzkeGasReleaseMechanisms1980a':
(biblatex)                - Datamodel: article entry 'matzkeGasReleaseMechanism
s1980a' (References/reference.bib): Invalid field 'languageid' for entrytype 'a
rticle'.


Package biblatex Warning: Biber reported the following issues
(biblatex)                with 'matzkeGasReleaseMechanisms1980a':
(biblatex)                - Datamodel: article entry 'matzkeGasReleaseMechanism
s1980a' (References/reference.bib): Invalid field 'lansortorder' for entrytype 
'article'.


Package biblatex Warning: Biber reported the following issues
(biblatex)                with 'hamTheoryDiffusionlimitedPrecipitation1958':
(biblatex)                - Datamodel: article entry 'hamTheoryDiffusionlimited
Precipitation1958' (References/reference.bib): Invalid field 'languageid' for e
ntrytype 'article'.


Package biblatex Warning: Biber reported the following issues
(biblatex)                with 'hamTheoryDiffusionlimitedPrecipitation1958':
(biblatex)                - Datamodel: article entry 'hamTheoryDiffusionlimited
Precipitation1958' (References/reference.bib): Invalid field 'lansortorder' for
 entrytype 'article'.


Package biblatex Warning: Biber reported the following issues
(biblatex)                with 'losonenModellingIntragranularFission2002':
(biblatex)                - Datamodel: article entry 'losonenModellingIntragran
ularFission2002' (References/reference.bib): Invalid field 'languageid' for ent
rytype 'article'.


Package biblatex Warning: Biber reported the following issues
(biblatex)                with 'losonenModellingIntragranularFission2002':
(biblatex)                - Datamodel: article entry 'losonenModellingIntragran
ularFission2002' (References/reference.bib): Invalid field 'lansortorder' for e
ntrytype 'article'.


Package biblatex Warning: Biber reported the following issues
(biblatex)                with 'vanbrutzelNewEquationState2019':
(biblatex)                - Datamodel: article entry 'vanbrutzelNewEquationStat
e2019' (References/reference.bib): Invalid field 'languageid' for entrytype 'ar
ticle'.


Package biblatex Warning: Biber reported the following issues
(biblatex)                with 'vanbrutzelNewEquationState2019':
(biblatex)                - Datamodel: article entry 'vanbrutzelNewEquationStat
e2019' (References/reference.bib): Invalid field 'lansortorder' for entrytype '
article'.


Package biblatex Warning: Biber reported the following issues
(biblatex)                with 'cogniniHeliumSolubilityOxide2018':
(biblatex)                - Datamodel: article entry 'cogniniHeliumSolubilityOx
ide2018' (References/reference.bib): Invalid field 'languageid' for entrytype '
article'.


Package biblatex Warning: Biber reported the following issues
(biblatex)                with 'cogniniHeliumSolubilityOxide2018':
(biblatex)                - Datamodel: article entry 'cogniniHeliumSolubilityOx
ide2018' (References/reference.bib): Invalid field 'lansortorder' for entrytype
 'article'.


Package biblatex Warning: Biber reported the following issues
(biblatex)                with 'whiteNewFissiongasRelease1983':
(biblatex)                - Datamodel: article entry 'whiteNewFissiongasRelease
1983' (References/reference.bib): Invalid field 'languageid' for entrytype 'art
icle'.


Package biblatex Warning: Biber reported the following issues
(biblatex)                with 'whiteNewFissiongasRelease1983':
(biblatex)                - Datamodel: article entry 'whiteNewFissiongasRelease
1983' (References/reference.bib): Invalid field 'lansortorder' for entrytype 'a
rticle'.


Package biblatex Warning: Biber reported the following issues
(biblatex)                with 'whiteDevelopmentGrainfacePorosity2004':
(biblatex)                - Datamodel: article entry 'whiteDevelopmentGrainface
Porosity2004' (References/reference.bib): Invalid field 'languageid' for entryt
ype 'article'.


Package biblatex Warning: Biber reported the following issues
(biblatex)                with 'whiteDevelopmentGrainfacePorosity2004':
(biblatex)                - Datamodel: article entry 'whiteDevelopmentGrainface
Porosity2004' (References/reference.bib): Invalid field 'lansortorder' for entr
ytype 'article'.


Package biblatex Warning: Biber reported the following issues
(biblatex)                with 'olanderResolutionFissionGas2006':
(biblatex)                - Datamodel: article entry 'olanderResolutionFissionG
as2006' (References/reference.bib): Invalid field 'languageid' for entrytype 'a
rticle'.


Package biblatex Warning: Biber reported the following issues
(biblatex)                with 'olanderResolutionFissionGas2006':
(biblatex)                - Datamodel: article entry 'olanderResolutionFissionG
as2006' (References/reference.bib): Invalid field 'lansortorder' for entrytype 
'article'.


Package biblatex Warning: Biber reported the following issues
(biblatex)                with 'bakerFissionGasBubble1977':
(biblatex)                - Datamodel: article entry 'bakerFissionGasBubble1977
' (References/reference.bib): Invalid field 'languageid' for entrytype 'article
'.


Package biblatex Warning: Biber reported the following issues
(biblatex)                with 'bakerFissionGasBubble1977':
(biblatex)                - Datamodel: article entry 'bakerFissionGasBubble1977
' (References/reference.bib): Invalid field 'lansortorder' for entrytype 'artic
le'.


Package biblatex Warning: Biber reported the following issues
(biblatex)                with 'speightVacancyPotentialVoid1975':
(biblatex)                - Datamodel: article entry 'speightVacancyPotentialVo
id1975' (References/reference.bib): Invalid field 'languageid' for entrytype 'a
rticle'.


Package biblatex Warning: Biber reported the following issues
(biblatex)                with 'speightVacancyPotentialVoid1975':
(biblatex)                - Datamodel: article entry 'speightVacancyPotentialVo
id1975' (References/reference.bib): Invalid field 'lansortorder' for entrytype 
'article'.


Package biblatex Warning: Biber reported the following issues
(biblatex)                with 'reynoldsGrainboundaryDiffusionUranium1979':
(biblatex)                - Datamodel: article entry 'reynoldsGrainboundaryDiff
usionUranium1979' (References/reference.bib): Invalid field 'languageid' for en
trytype 'article'.


Package biblatex Warning: Biber reported the following issues
(biblatex)                with 'reynoldsGrainboundaryDiffusionUranium1979':
(biblatex)                - Datamodel: article entry 'reynoldsGrainboundaryDiff
usionUranium1979' (References/reference.bib): Invalid field 'lansortorder' for 
entrytype 'article'.


Package biblatex Warning: Biber reported the following issues
(biblatex)                with 'pastoreUncertaintySensitivityAnalysis2015':
(biblatex)                - Datamodel: article entry 'pastoreUncertaintySensiti
vityAnalysis2015' (References/reference.bib): Invalid field 'languageid' for en
trytype 'article'.


Package biblatex Warning: Biber reported the following issues
(biblatex)                with 'pastoreUncertaintySensitivityAnalysis2015':
(biblatex)                - Datamodel: article entry 'pastoreUncertaintySensiti
vityAnalysis2015' (References/reference.bib): Invalid field 'lansortorder' for 
entrytype 'article'.


Package biblatex Warning: Biber reported the following issues
(biblatex)                with 'tonksUnitMechanismsFission2018':
(biblatex)                - Datamodel: article entry 'tonksUnitMechanismsFissio
n2018' (References/reference.bib): Invalid field 'languageid' for entrytype 'ar
ticle'.


Package biblatex Warning: Biber reported the following issues
(biblatex)                with 'tonksUnitMechanismsFission2018':
(biblatex)                - Datamodel: article entry 'tonksUnitMechanismsFissio
n2018' (References/reference.bib): Invalid field 'lansortorder' for entrytype '
article'.


Package biblatex Warning: Biber reported the following issues
(biblatex)                with 'notleyStepwiseReleaseFission1966':
(biblatex)                - Datamodel: article entry 'notleyStepwiseReleaseFiss
ion1966' (References/reference.bib): Invalid field 'languageid' for entrytype '
article'.


Package biblatex Warning: Biber reported the following issues
(biblatex)                with 'notleyStepwiseReleaseFission1966':
(biblatex)                - Datamodel: article entry 'notleyStepwiseReleaseFiss
ion1966' (References/reference.bib): Invalid field 'lansortorder' for entrytype
 'article'.


Package biblatex Warning: Biber reported the following issues
(biblatex)                with 'carrollFissionDensityBurnup1969':
(biblatex)                - Datamodel: article entry 'carrollFissionDensityBurn
up1969' (References/reference.bib): Invalid field 'languageid' for entrytype 'a
rticle'.


Package biblatex Warning: Biber reported the following issues
(biblatex)                with 'carrollFissionDensityBurnup1969':
(biblatex)                - Datamodel: article entry 'carrollFissionDensityBurn
up1969' (References/reference.bib): Invalid field 'lansortorder' for entrytype 
'article'.


Package biblatex Warning: Biber reported the following issues
(biblatex)                with 'uneFissionGasRelease1990':
(biblatex)                - Datamodel: article entry 'uneFissionGasRelease1990'
 (References/reference.bib): Invalid field 'languageid' for entrytype 'article'
.


Package biblatex Warning: Biber reported the following issues
(biblatex)                with 'uneFissionGasRelease1990':
(biblatex)                - Datamodel: article entry 'uneFissionGasRelease1990'
 (References/reference.bib): Invalid field 'lansortorder' for entrytype 'articl
e'.


Package biblatex Warning: Biber reported the following issues
(biblatex)                with 'ducrosSynthesisVERCORSExperimental2013':
(biblatex)                - Datamodel: article entry 'ducrosSynthesisVERCORSExp
erimental2013' (References/reference.bib): Invalid field 'languageid' for entry
type 'article'.


Package biblatex Warning: Biber reported the following issues
(biblatex)                with 'ducrosSynthesisVERCORSExperimental2013':
(biblatex)                - Datamodel: article entry 'ducrosSynthesisVERCORSExp
erimental2013' (References/reference.bib): Invalid field 'lansortorder' for ent
rytype 'article'.


Package biblatex Warning: Biber reported the following issues
(biblatex)                with 'heringKwuFissionGas1983':
(biblatex)                - Datamodel: article entry 'heringKwuFissionGas1983' 
(References/reference.bib): Invalid field 'languageid' for entrytype 'article'.



Package biblatex Warning: Biber reported the following issues
(biblatex)                with 'heringKwuFissionGas1983':
(biblatex)                - Datamodel: article entry 'heringKwuFissionGas1983' 
(References/reference.bib): Invalid field 'lansortorder' for entrytype 'article
'.


Package biblatex Warning: Biber reported the following issues
(biblatex)                with 'motta2017light':
(biblatex)                - Datamodel: book entry 'motta2017light' (References/
reference.bib): Invalid field 'languageid' for entrytype 'book'.


Package biblatex Warning: Biber reported the following issues
(biblatex)                with 'motta2017light':
(biblatex)                - Datamodel: book entry 'motta2017light' (References/
reference.bib): Invalid field 'lansortorder' for entrytype 'book'.


Package biblatex Warning: Biber reported the following issues
(biblatex)                with 'restFissionGasRelease2019':
(biblatex)                - Datamodel: article entry 'restFissionGasRelease2019
' (References/reference.bib): Invalid field 'languageid' for entrytype 'article
'.


Package biblatex Warning: Biber reported the following issues
(biblatex)                with 'restFissionGasRelease2019':
(biblatex)                - Datamodel: article entry 'restFissionGasRelease2019
' (References/reference.bib): Invalid field 'lansortorder' for entrytype 'artic
le'.


Package biblatex Warning: Biber reported the following issues
(biblatex)                with 'hargreavesQuantitativeModelFission1976a':
(biblatex)                - Datamodel: article entry 'hargreavesQuantitativeMod
elFission1976a' (References/reference.bib): Invalid field 'languageid' for entr
ytype 'article'.


Package biblatex Warning: Biber reported the following issues
(biblatex)                with 'hargreavesQuantitativeModelFission1976a':
(biblatex)                - Datamodel: article entry 'hargreavesQuantitativeMod
elFission1976a' (References/reference.bib): Invalid field 'lansortorder' for en
trytype 'article'.


Package biblatex Warning: Biber reported the following issues
(biblatex)                with 'notleyMicrostructuredependentModelFission1980':

(biblatex)                - Datamodel: article entry 'notleyMicrostructuredepen
dentModelFission1980' (References/reference.bib): Invalid field 'languageid' fo
r entrytype 'article'.


Package biblatex Warning: Biber reported the following issues
(biblatex)                with 'notleyMicrostructuredependentModelFission1980':

(biblatex)                - Datamodel: article entry 'notleyMicrostructuredepen
dentModelFission1980' (References/reference.bib): Invalid field 'lansortorder' 
for entrytype 'article'.


Package biblatex Warning: Biber reported the following issues
(biblatex)                with 'kogaiModellingFissionGas1997':
(biblatex)                - Datamodel: article entry 'kogaiModellingFissionGas1
997' (References/reference.bib): Invalid field 'languageid' for entrytype 'arti
cle'.


Package biblatex Warning: Biber reported the following issues
(biblatex)                with 'kogaiModellingFissionGas1997':
(biblatex)                - Datamodel: article entry 'kogaiModellingFissionGas1
997' (References/reference.bib): Invalid field 'lansortorder' for entrytype 'ar
ticle'.


Package biblatex Warning: Biber reported the following issues
(biblatex)                with 'hillertTheoryNormalAbnormal1965':
(biblatex)                - Datamodel: article entry 'hillertTheoryNormalAbnorm
al1965' (References/reference.bib): Invalid field 'languageid' for entrytype 'a
rticle'.


Package biblatex Warning: Biber reported the following issues
(biblatex)                with 'hillertTheoryNormalAbnormal1965':
(biblatex)                - Datamodel: article entry 'hillertTheoryNormalAbnorm
al1965' (References/reference.bib): Invalid field 'lansortorder' for entrytype 
'article'.


Package biblatex Warning: Biber reported the following issues
(biblatex)                with 'ainscoughIsothermalGrainGrowth1973':
(biblatex)                - Datamodel: article entry 'ainscoughIsothermalGrainG
rowth1973' (References/reference.bib): Invalid field 'languageid' for entrytype
 'article'.


Package biblatex Warning: Biber reported the following issues
(biblatex)                with 'ainscoughIsothermalGrainGrowth1973':
(biblatex)                - Datamodel: article entry 'ainscoughIsothermalGrainG
rowth1973' (References/reference.bib): Invalid field 'lansortorder' for entryty
pe 'article'.


Package biblatex Warning: Biber reported the following issues
(biblatex)                with 'cogniniPhysicsbasedDescriptionIntragranular2021
':
(biblatex)                - Datamodel: article entry 'cogniniPhysicsbasedDescri
ptionIntragranular2021' (References/reference.bib): Invalid field 'languageid' 
for entrytype 'article'.


Package biblatex Warning: Biber reported the following issues
(biblatex)                with 'cogniniPhysicsbasedDescriptionIntragranular2021
':
(biblatex)                - Datamodel: article entry 'cogniniPhysicsbasedDescri
ptionIntragranular2021' (References/reference.bib): Invalid field 'lansortorder
' for entrytype 'article'.


Package biblatex Warning: Biber reported the following issues
(biblatex)                with 'rufehSolubilityHeliumUranium1965':
(biblatex)                - Datamodel: article entry 'rufehSolubilityHeliumUran
ium1965' (References/reference.bib): Invalid field 'languageid' for entrytype '
article'.


Package biblatex Warning: Biber reported the following issues
(biblatex)                with 'rufehSolubilityHeliumUranium1965':
(biblatex)                - Datamodel: article entry 'rufehSolubilityHeliumUran
ium1965' (References/reference.bib): Invalid field 'lansortorder' for entrytype
 'article'.


Package biblatex Warning: Biber reported the following issues
(biblatex)                with 'nakajimaSolubilityDiffusionCoefficient2011':
(biblatex)                - Datamodel: article entry 'nakajimaSolubilityDiffusi
onCoefficient2011' (References/reference.bib): Invalid field 'languageid' for e
ntrytype 'article'.


Package biblatex Warning: Biber reported the following issues
(biblatex)                with 'nakajimaSolubilityDiffusionCoefficient2011':
(biblatex)                - Datamodel: article entry 'nakajimaSolubilityDiffusi
onCoefficient2011' (References/reference.bib): Invalid field 'lansortorder' for
 entrytype 'article'.


Package biblatex Warning: Biber reported the following issues
(biblatex)                with 'talipThermalDiffusionHelium2014':
(biblatex)                - Datamodel: article entry 'talipThermalDiffusionHeli
um2014' (References/reference.bib): Invalid field 'languageid' for entrytype 'a
rticle'.


Package biblatex Warning: Biber reported the following issues
(biblatex)                with 'talipThermalDiffusionHelium2014':
(biblatex)                - Datamodel: article entry 'talipThermalDiffusionHeli
um2014' (References/reference.bib): Invalid field 'lansortorder' for entrytype 
'article'.


Package biblatex Warning: Biber reported the following issues
(biblatex)                with 'speightCalculationMigrationFission1969':
(biblatex)                - Datamodel: article entry 'speightCalculationMigrati
onFission1969' (References/reference.bib): Invalid field 'languageid' for entry
type 'article'.


Package biblatex Warning: Biber reported the following issues
(biblatex)                with 'speightCalculationMigrationFission1969':
(biblatex)                - Datamodel: article entry 'speightCalculationMigrati
onFission1969' (References/reference.bib): Invalid field 'lansortorder' for ent
rytype 'article'.


Package biblatex Warning: Biber reported the following issues
(biblatex)                with 'luzziHeliumDiffusivityOxide2018':
(biblatex)                - Datamodel: article entry 'luzziHeliumDiffusivityOxi
de2018' (References/reference.bib): Invalid field 'languageid' for entrytype 'a
rticle'.


Package biblatex Warning: Biber reported the following issues
(biblatex)                with 'luzziHeliumDiffusivityOxide2018':
(biblatex)                - Datamodel: article entry 'luzziHeliumDiffusivityOxi
de2018' (References/reference.bib): Invalid field 'lansortorder' for entrytype 
'article'.


Package biblatex Warning: Biber reported the following issues
(biblatex)                with 'zulloUseSpectralAlgorithms2022':
(biblatex)                - Datamodel: article entry 'zulloUseSpectralAlgorithm
s2022' (References/reference.bib): Invalid field 'languageid' for entrytype 'ar
ticle'.


Package biblatex Warning: Biber reported the following issues
(biblatex)                with 'zulloUseSpectralAlgorithms2022':
(biblatex)                - Datamodel: article entry 'zulloUseSpectralAlgorithm
s2022' (References/reference.bib): Invalid field 'lansortorder' for entrytype '
article'.


Package biblatex Warning: Biber reported the following issues
(biblatex)                with 'usdoeBackgroundDerivationANS542010':
(biblatex)                - Datamodel: report entry 'usdoeBackgroundDerivationA
NS542010' (References/reference.bib): Field 'address' invalid in data model - i
gnoring.


Package biblatex Warning: Biber reported the following issues
(biblatex)                with 'usdoeBackgroundDerivationANS542010':
(biblatex)                - Datamodel: report entry 'usdoeBackgroundDerivationA
NS542010' (References/reference.bib): Invalid field 'languageid' for entrytype 
'report'.


Package biblatex Warning: Biber reported the following issues
(biblatex)                with 'usdoeBackgroundDerivationANS542010':
(biblatex)                - Datamodel: report entry 'usdoeBackgroundDerivationA
NS542010' (References/reference.bib): Invalid field 'lansortorder' for entrytyp
e 'report'.


Package biblatex Warning: Biber reported the following issues
(biblatex)                with 'usdoeBackgroundDerivationANS542010':
(biblatex)                - Datamodel: report entry 'usdoeBackgroundDerivationA
NS542010' (References/reference.bib): Invalid field 'publisher' for entrytype '
report'.


Package biblatex Warning: Biber reported the following issues
(biblatex)                with 'usdoeBackgroundDerivationANS542010':
(biblatex)                - Datamodel: report entry 'usdoeBackgroundDerivationA
NS542010' (References/reference.bib): Missing mandatory field 'type'.


Package biblatex Warning: Biber reported the following issues
(biblatex)                with 'zulloGrainscaleModellingRelease2022':
(biblatex)                - Datamodel: article entry 'zulloGrainscaleModellingR
elease2022' (References/reference.bib): Invalid field 'languageid' for entrytyp
e 'article'.


Package biblatex Warning: Biber reported the following issues
(biblatex)                with 'zulloGrainscaleModellingRelease2022':
(biblatex)                - Datamodel: article entry 'zulloGrainscaleModellingR
elease2022' (References/reference.bib): Invalid field 'lansortorder' for entryt
ype 'article'.


Package biblatex Warning: Biber reported the following issues
(biblatex)                with 'foster316StainlessSteel1995':
(biblatex)                - Datamodel: article entry 'foster316StainlessSteel19
95' (References/reference.bib): Invalid field 'languageid' for entrytype 'artic
le'.


Package biblatex Warning: Biber reported the following issues
(biblatex)                with 'foster316StainlessSteel1995':
(biblatex)                - Datamodel: article entry 'foster316StainlessSteel19
95' (References/reference.bib): Invalid field 'lansortorder' for entrytype 'art
icle'.


Package biblatex Warning: Biber reported the following issues
(biblatex)                with 'mfh1988':
(biblatex)                - Datamodel: report entry 'mfh1988' (References/refer
ence.bib): Invalid field 'languageid' for entrytype 'report'.


Package biblatex Warning: Biber reported the following issues
(biblatex)                with 'mfh1988':
(biblatex)                - Datamodel: report entry 'mfh1988' (References/refer
ence.bib): Invalid field 'lansortorder' for entrytype 'report'.


Package biblatex Warning: Biber reported the following issues
(biblatex)                with 'mfh1988':
(biblatex)                - Datamodel: report entry 'mfh1988' (References/refer
ence.bib): Invalid field 'publisher' for entrytype 'report'.


Package biblatex Warning: Biber reported the following issues
(biblatex)                with 'mfh1988':
(biblatex)                - Datamodel: report entry 'mfh1988' (References/refer
ence.bib): Missing mandatory field 'type'.


Package biblatex Warning: Biber reported the following issues
(biblatex)                with 'fink1995':
(biblatex)                - Datamodel: article entry 'fink1995' (References/ref
erence.bib): Invalid field 'languageid' for entrytype 'article'.


Package biblatex Warning: Biber reported the following issues
(biblatex)                with 'fink1995':
(biblatex)                - Datamodel: article entry 'fink1995' (References/ref
erence.bib): Invalid field 'lansortorder' for entrytype 'article'.


Package biblatex Warning: Biber reported the following issues
(biblatex)                with 'EXT-17-40975R4':
(biblatex)                - Datamodel: report entry 'EXT-17-40975R4' (Reference
s/reference.bib): Invalid field 'languageid' for entrytype 'report'.


Package biblatex Warning: Biber reported the following issues
(biblatex)                with 'EXT-17-40975R4':
(biblatex)                - Datamodel: report entry 'EXT-17-40975R4' (Reference
s/reference.bib): Invalid field 'lansortorder' for entrytype 'report'.


Package biblatex Warning: Biber reported the following issues
(biblatex)                with 'EXT-17-40975R4':
(biblatex)                - Datamodel: report entry 'EXT-17-40975R4' (Reference
s/reference.bib): Invalid field 'publisher' for entrytype 'report'.


Package biblatex Warning: Biber reported the following issues
(biblatex)                with 'EXT-17-40975R4':
(biblatex)                - Datamodel: report entry 'EXT-17-40975R4' (Reference
s/reference.bib): Missing mandatory field 'type'.


Package biblatex Warning: Biber reported the following issues
(biblatex)                with 'matolich1965thermal':
(biblatex)                - Datamodel: report entry 'matolich1965thermal' (Refe
rences/reference.bib): Invalid field 'languageid' for entrytype 'report'.


Package biblatex Warning: Biber reported the following issues
(biblatex)                with 'matolich1965thermal':
(biblatex)                - Datamodel: report entry 'matolich1965thermal' (Refe
rences/reference.bib): Invalid field 'lansortorder' for entrytype 'report'.


Package biblatex Warning: Biber reported the following issues
(biblatex)                with 'matolich1965thermal':
(biblatex)                - Datamodel: report entry 'matolich1965thermal' (Refe
rences/reference.bib): Invalid field 'publisher' for entrytype 'report'.


Package biblatex Warning: Biber reported the following issues
(biblatex)                with 'matolich1965thermal':
(biblatex)                - Datamodel: report entry 'matolich1965thermal' (Refe
rences/reference.bib): Missing mandatory field 'type'.


Package biblatex Warning: Biber reported the following issues
(biblatex)                with 'Watson1963ThermalCO':
(biblatex)                - Datamodel: online entry 'Watson1963ThermalCO' (Refe
rences/reference.bib): Invalid field 'institution' for entrytype 'online'.


Package biblatex Warning: Biber reported the following issues
(biblatex)                with 'Watson1963ThermalCO':
(biblatex)                - Datamodel: online entry 'Watson1963ThermalCO' (Refe
rences/reference.bib): Invalid field 'languageid' for entrytype 'online'.


Package biblatex Warning: Biber reported the following issues
(biblatex)                with 'Watson1963ThermalCO':
(biblatex)                - Datamodel: online entry 'Watson1963ThermalCO' (Refe
rences/reference.bib): Invalid field 'lansortorder' for entrytype 'online'.


Package biblatex Warning: Biber reported the following issues
(biblatex)                with 'Watson1963ThermalCO':
(biblatex)                - Datamodel: online entry 'Watson1963ThermalCO' (Refe
rences/reference.bib): Invalid field 'number' for entrytype 'online'.


Package biblatex Warning: Biber reported the following issues
(biblatex)                with 'Watson1963ThermalCO':
(biblatex)                - Datamodel: online entry 'Watson1963ThermalCO' (Refe
rences/reference.bib): Invalid field 'publisher' for entrytype 'online'.


Package biblatex Warning: Biber reported the following issues
(biblatex)                with 'batesDesignEquationsStressfree1979':
(biblatex)                - Datamodel: report entry 'batesDesignEquationsStress
free1979' (References/reference.bib): Invalid field 'languageid' for entrytype 
'report'.


Package biblatex Warning: Biber reported the following issues
(biblatex)                with 'batesDesignEquationsStressfree1979':
(biblatex)                - Datamodel: report entry 'batesDesignEquationsStress
free1979' (References/reference.bib): Invalid field 'lansortorder' for entrytyp
e 'report'.


Package biblatex Warning: Biber reported the following issues
(biblatex)                with 'batesDesignEquationsStressfree1979':
(biblatex)                - Datamodel: report entry 'batesDesignEquationsStress
free1979' (References/reference.bib): Invalid field 'publisher' for entrytype '
report'.


Package biblatex Warning: Biber reported the following issues
(biblatex)                with 'batesDesignEquationsStressfree1979':
(biblatex)                - Datamodel: report entry 'batesDesignEquationsStress
free1979' (References/reference.bib): Missing mandatory field 'type'.


Package biblatex Warning: Biber reported the following issues
(biblatex)                with 'karahanModelingThermoMechanicalIrradia2007':
(biblatex)                - Datamodel: thesis entry 'karahanModelingThermoMecha
nicalIrradia2007' (References/reference.bib): Field 'address' invalid in data m
odel - ignoring.


Package biblatex Warning: Biber reported the following issues
(biblatex)                with 'karahanModelingThermoMechanicalIrradia2007':
(biblatex)                - Datamodel: thesis entry 'karahanModelingThermoMecha
nicalIrradia2007' (References/reference.bib): Invalid field 'languageid' for en
trytype 'thesis'.


Package biblatex Warning: Biber reported the following issues
(biblatex)                with 'karahanModelingThermoMechanicalIrradia2007':
(biblatex)                - Datamodel: thesis entry 'karahanModelingThermoMecha
nicalIrradia2007' (References/reference.bib): Invalid field 'lansortorder' for 
entrytype 'thesis'.


Package biblatex Warning: Biber reported the following issues
(biblatex)                with 'megahedExperimentalTheoreticalInvestigation1984
':
(biblatex)                - Datamodel: article entry 'megahedExperimentalTheore
ticalInvestigation1984' (References/reference.bib): Invalid field 'languageid' 
for entrytype 'article'.


Package biblatex Warning: Biber reported the following issues
(biblatex)                with 'megahedExperimentalTheoreticalInvestigation1984
':
(biblatex)                - Datamodel: article entry 'megahedExperimentalTheore
ticalInvestigation1984' (References/reference.bib): Invalid field 'lansortorder
' for entrytype 'article'.


Package biblatex Warning: Biber reported the following issues
(biblatex)                with 'schappelKeyMaterialProperties2019':
(biblatex)                - Datamodel: report entry 'schappelKeyMaterialPropert
ies2019' (References/reference.bib): Invalid field 'languageid' for entrytype '
report'.


Package biblatex Warning: Biber reported the following issues
(biblatex)                with 'schappelKeyMaterialProperties2019':
(biblatex)                - Datamodel: report entry 'schappelKeyMaterialPropert
ies2019' (References/reference.bib): Invalid field 'lansortorder' for entrytype
 'report'.


Package biblatex Warning: Biber reported the following issues
(biblatex)                with 'schappelKeyMaterialProperties2019':
(biblatex)                - Datamodel: report entry 'schappelKeyMaterialPropert
ies2019' (References/reference.bib): Invalid field 'publisher' for entrytype 'r
eport'.


Package biblatex Warning: Biber reported the following issues
(biblatex)                with 'schappelKeyMaterialProperties2019':
(biblatex)                - Datamodel: report entry 'schappelKeyMaterialPropert
ies2019' (References/reference.bib): Missing mandatory field 'type'.


Package biblatex Warning: Biber reported the following issues
(biblatex)                with 'miaoFY22ProgressReport2022':
(biblatex)                - Datamodel: report entry 'miaoFY22ProgressReport2022
' (References/reference.bib): Invalid field 'languageid' for entrytype 'report'
.


Package biblatex Warning: Biber reported the following issues
(biblatex)                with 'miaoFY22ProgressReport2022':
(biblatex)                - Datamodel: report entry 'miaoFY22ProgressReport2022
' (References/reference.bib): Invalid field 'lansortorder' for entrytype 'repor
t'.


Package biblatex Warning: Biber reported the following issues
(biblatex)                with 'miaoFY22ProgressReport2022':
(biblatex)                - Datamodel: report entry 'miaoFY22ProgressReport2022
' (References/reference.bib): Invalid field 'publisher' for entrytype 'report'.



Package biblatex Warning: Biber reported the following issues
(biblatex)                with 'miaoFY22ProgressReport2022':
(biblatex)                - Datamodel: report entry 'miaoFY22ProgressReport2022
' (References/reference.bib): Missing mandatory field 'type'.


Package biblatex Warning: Biber reported the following issues
(biblatex)                with 'yueImplementationABAQUSUser2023':
(biblatex)                - Datamodel: article entry 'yueImplementationABAQUSUs
er2023' (References/reference.bib): Invalid field 'languageid' for entrytype 'a
rticle'.


Package biblatex Warning: Biber reported the following issues
(biblatex)                with 'yueImplementationABAQUSUser2023':
(biblatex)                - Datamodel: article entry 'yueImplementationABAQUSUs
er2023' (References/reference.bib): Invalid field 'lansortorder' for entrytype 
'article'.


Package biblatex Warning: Biber reported the following issues
(biblatex)                with 'zhangHardeningBehaviorModel2023':
(biblatex)                - Datamodel: article entry 'zhangHardeningBehaviorMod
el2023' (References/reference.bib): Invalid field 'languageid' for entrytype 'a
rticle'.


Package biblatex Warning: Biber reported the following issues
(biblatex)                with 'zhangHardeningBehaviorModel2023':
(biblatex)                - Datamodel: article entry 'zhangHardeningBehaviorMod
el2023' (References/reference.bib): Invalid field 'lansortorder' for entrytype 
'article'.


Package biblatex Warning: Biber reported the following issues
(biblatex)                with 'satb1995':
(biblatex)                - Datamodel: report entry 'satb1995' (References/refe
rence.bib): Invalid field 'languageid' for entrytype 'report'.


Package biblatex Warning: Biber reported the following issues
(biblatex)                with 'satb1995':
(biblatex)                - Datamodel: report entry 'satb1995' (References/refe
rence.bib): Invalid field 'lansortorder' for entrytype 'report'.


Package biblatex Warning: Biber reported the following issues
(biblatex)                with 'satb1995':
(biblatex)                - Datamodel: report entry 'satb1995' (References/refe
rence.bib): Invalid field 'publisher' for entrytype 'report'.


Package biblatex Warning: Biber reported the following issues
(biblatex)                with 'satb1995':
(biblatex)                - Datamodel: report entry 'satb1995' (References/refe
rence.bib): Missing mandatory field 'type'.


Package biblatex Warning: Biber reported the following issues
(biblatex)                with 'Ryu:2011cy':
(biblatex)                - Datamodel: article entry 'Ryu:2011cy' (References/r
eference.bib): Invalid field 'languageid' for entrytype 'article'.


Package biblatex Warning: Biber reported the following issues
(biblatex)                with 'Ryu:2011cy':
(biblatex)                - Datamodel: article entry 'Ryu:2011cy' (References/r
eference.bib): Invalid field 'lansortorder' for entrytype 'article'.


Package biblatex Warning: Biber reported the following issues
(biblatex)                with 'NAM19981441':
(biblatex)                - Datamodel: article entry 'NAM19981441' (References/
reference.bib): Invalid field 'languageid' for entrytype 'article'.


Package biblatex Warning: Biber reported the following issues
(biblatex)                with 'NAM19981441':
(biblatex)                - Datamodel: article entry 'NAM19981441' (References/
reference.bib): Invalid field 'lansortorder' for entrytype 'article'.


Package biblatex Warning: Biber reported the following issues
(biblatex)                with 'dimelfi1993_both_failure_ht9':
(biblatex)                - Datamodel: report entry 'dimelfi1993_both_failure_h
t9' (References/reference.bib): Invalid field 'languageid' for entrytype 'repor
t'.


Package biblatex Warning: Biber reported the following issues
(biblatex)                with 'dimelfi1993_both_failure_ht9':
(biblatex)                - Datamodel: report entry 'dimelfi1993_both_failure_h
t9' (References/reference.bib): Invalid field 'lansortorder' for entrytype 'rep
ort'.


Package biblatex Warning: Biber reported the following issues
(biblatex)                with 'dimelfi1993_both_failure_ht9':
(biblatex)                - Datamodel: report entry 'dimelfi1993_both_failure_h
t9' (References/reference.bib): Invalid field 'publisher' for entrytype 'report
'.


Package biblatex Warning: Biber reported the following issues
(biblatex)                with 'dimelfi1993_both_failure_ht9':
(biblatex)                - Datamodel: report entry 'dimelfi1993_both_failure_h
t9' (References/reference.bib): Missing mandatory field 'type'.


Package biblatex Warning: Biber reported the following issues
(biblatex)                with 'HuangTransientFailureBehavior1994':
(biblatex)                - Datamodel: report entry 'HuangTransientFailureBehav
ior1994' (References/reference.bib): Field 'address' invalid in data model - ig
noring.


Package biblatex Warning: Biber reported the following issues
(biblatex)                with 'HuangTransientFailureBehavior1994':
(biblatex)                - Datamodel: report entry 'HuangTransientFailureBehav
ior1994' (References/reference.bib): Invalid field 'languageid' for entrytype '
report'.


Package biblatex Warning: Biber reported the following issues
(biblatex)                with 'HuangTransientFailureBehavior1994':
(biblatex)                - Datamodel: report entry 'HuangTransientFailureBehav
ior1994' (References/reference.bib): Invalid field 'lansortorder' for entrytype
 'report'.


Package biblatex Warning: Biber reported the following issues
(biblatex)                with 'HuangTransientFailureBehavior1994':
(biblatex)                - Datamodel: report entry 'HuangTransientFailureBehav
ior1994' (References/reference.bib): Invalid field 'publisher' for entrytype 'r
eport'.


Package biblatex Warning: Biber reported the following issues
(biblatex)                with 'HuangTransientFailureBehavior1994':
(biblatex)                - Datamodel: report entry 'HuangTransientFailureBehav
ior1994' (References/reference.bib): Missing mandatory field 'type'.


Package biblatex Warning: Biber reported the following issues
(biblatex)                with 'NamStatisticalFailureAnalysis1998':
(biblatex)                - Datamodel: article entry 'NamStatisticalFailureAnal
ysis1998' (References/reference.bib): Invalid field 'languageid' for entrytype 
'article'.


Package biblatex Warning: Biber reported the following issues
(biblatex)                with 'NamStatisticalFailureAnalysis1998':
(biblatex)                - Datamodel: article entry 'NamStatisticalFailureAnal
ysis1998' (References/reference.bib): Invalid field 'lansortorder' for entrytyp
e 'article'.


Package biblatex Warning: Biber reported the following issues
(biblatex)                with 'TVERGAARD1985447':
(biblatex)                - Datamodel: article entry 'TVERGAARD1985447' (Refere
nces/reference.bib): Invalid field 'languageid' for entrytype 'article'.


Package biblatex Warning: Biber reported the following issues
(biblatex)                with 'TVERGAARD1985447':
(biblatex)                - Datamodel: article entry 'TVERGAARD1985447' (Refere
nces/reference.bib): Invalid field 'lansortorder' for entrytype 'article'.


Package biblatex Warning: Biber reported the following issues
(biblatex)                with 'brinkmanElevatedTemperatureMechanicalProperties
2001':
(biblatex)                - Datamodel: article entry 'brinkmanElevatedTemperatu
reMechanicalProperties2001' (References/reference.bib): Invalid field 'language
id' for entrytype 'article'.


Package biblatex Warning: Biber reported the following issues
(biblatex)                with 'brinkmanElevatedTemperatureMechanicalProperties
2001':
(biblatex)                - Datamodel: article entry 'brinkmanElevatedTemperatu
reMechanicalProperties2001' (References/reference.bib): Invalid field 'lansorto
rder' for entrytype 'article'.


Package biblatex Warning: Biber reported the following issues
(biblatex)                with 'DimelfiModelingEffectsFastneutron1980':
(biblatex)                - Datamodel: article entry 'DimelfiModelingEffectsFas
tneutron1980' (References/reference.bib): Invalid field 'languageid' for entryt
ype 'article'.


Package biblatex Warning: Biber reported the following issues
(biblatex)                with 'DimelfiModelingEffectsFastneutron1980':
(biblatex)                - Datamodel: article entry 'DimelfiModelingEffectsFas
tneutron1980' (References/reference.bib): Invalid field 'lansortorder' for entr
ytype 'article'.


Package biblatex Warning: Biber reported the following issues
(biblatex)                with 'KramerModelingDeformationFailure1981':
(biblatex)                - Datamodel: article entry 'KramerModelingDeformation
Failure1981' (References/reference.bib): Invalid field 'languageid' for entryty
pe 'article'.


Package biblatex Warning: Biber reported the following issues
(biblatex)                with 'KramerModelingDeformationFailure1981':
(biblatex)                - Datamodel: article entry 'KramerModelingDeformation
Failure1981' (References/reference.bib): Invalid field 'lansortorder' for entry
type 'article'.


Package biblatex Warning: Biber reported the following issues
(biblatex)                with 'OnizawaDevelopmentCreepProperty2019':
(biblatex)                - Datamodel: article entry 'OnizawaDevelopmentCreepPr
operty2019' (References/reference.bib): Invalid field 'languageid' for entrytyp
e 'article'.


Package biblatex Warning: Biber reported the following issues
(biblatex)                with 'OnizawaDevelopmentCreepProperty2019':
(biblatex)                - Datamodel: article entry 'OnizawaDevelopmentCreepPr
operty2019' (References/reference.bib): Invalid field 'lansortorder' for entryt
ype 'article'.


Package biblatex Warning: Biber reported the following issues
(biblatex)                with 'glesser1985interdiffusao':
(biblatex)                - Datamodel: thesis entry 'glesser1985interdiffusao' 
(References/reference.bib): Invalid field 'languageid' for entrytype 'thesis'.


Package biblatex Warning: Biber reported the following issues
(biblatex)                with 'glesser1985interdiffusao':
(biblatex)                - Datamodel: thesis entry 'glesser1985interdiffusao' 
(References/reference.bib): Invalid field 'lansortorder' for entrytype 'thesis'
.


Package biblatex Warning: Biber reported the following issues
(biblatex)                with 'ML16118A434':
(biblatex)                - Datamodel: report entry 'ML16118A434' (References/r
eference.bib): Field 'address' invalid in data model - ignoring.


Package biblatex Warning: Biber reported the following issues
(biblatex)                with 'ML16118A434':
(biblatex)                - Datamodel: report entry 'ML16118A434' (References/r
eference.bib): Invalid field 'languageid' for entrytype 'report'.


Package biblatex Warning: Biber reported the following issues
(biblatex)                with 'ML16118A434':
(biblatex)                - Datamodel: report entry 'ML16118A434' (References/r
eference.bib): Invalid field 'lansortorder' for entrytype 'report'.


Package biblatex Warning: Biber reported the following issues
(biblatex)                with 'ML16118A434':
(biblatex)                - Datamodel: report entry 'ML16118A434' (References/r
eference.bib): Invalid field 'publisher' for entrytype 'report'.


Package biblatex Warning: Biber reported the following issues
(biblatex)                with 'ML16118A434':
(biblatex)                - Datamodel: report entry 'ML16118A434' (References/r
eference.bib): Missing mandatory field 'type'.


Package biblatex Warning: Biber reported the following issues
(biblatex)                with 'congDevelopmentEvaluationFuel2022':
(biblatex)                - Datamodel: article entry 'congDevelopmentEvaluation
Fuel2022' (References/reference.bib): Invalid field 'languageid' for entrytype 
'article'.


Package biblatex Warning: Biber reported the following issues
(biblatex)                with 'congDevelopmentEvaluationFuel2022':
(biblatex)                - Datamodel: article entry 'congDevelopmentEvaluation
Fuel2022' (References/reference.bib): Invalid field 'lansortorder' for entrytyp
e 'article'.


Package biblatex Warning: Biber reported the following issues
(biblatex)                with 'springerThermalConductivityNeon1973':
(biblatex)                - Datamodel: article entry 'springerThermalConductivi
tyNeon1973' (References/reference.bib): Invalid field 'languageid' for entrytyp
e 'article'.


Package biblatex Warning: Biber reported the following issues
(biblatex)                with 'springerThermalConductivityNeon1973':
(biblatex)                - Datamodel: article entry 'springerThermalConductivi
tyNeon1973' (References/reference.bib): Invalid field 'lansortorder' for entryt
ype 'article'.


Package biblatex Warning: Biber reported the following issues
(biblatex)                with 'tournierPropertiesNobleGases2008':
(biblatex)                - Datamodel: article entry 'tournierPropertiesNobleGa
ses2008' (References/reference.bib): Invalid field 'languageid' for entrytype '
article'.


Package biblatex Warning: Biber reported the following issues
(biblatex)                with 'tournierPropertiesNobleGases2008':
(biblatex)                - Datamodel: article entry 'tournierPropertiesNobleGa
ses2008' (References/reference.bib): Invalid field 'lansortorder' for entrytype
 'article'.

)
Package biblatex Info: Reference section=0 on input line 145.
Package biblatex Info: Reference segment=0 on input line 145.
File: Materials/Icons/XJTU.pdf Graphic file (type pdf)
<use Materials/Icons/XJTU.pdf>
 [1

\openout5 = `main.xdy'.

] [2

] [3] [4

]
\spaceWidth=\dimen418
LaTeX Font Info:    Calculating math sizes for size <10.5> on input line 152.
LaTeX Font Info:    Trying to load font information for OT1+lmr on input line 1
52.
 (/usr/local/texlive/2025/texmf-dist/tex/latex/lm/ot1lmr.fd
File: ot1lmr.fd 2015/05/01 v1.6.1 Font defs for Latin Modern
)
LaTeX Font Info:    Trying to load font information for OML+lmm on input line 1
52.

(/usr/local/texlive/2025/texmf-dist/tex/latex/lm/omllmm.fd
File: omllmm.fd 2015/05/01 v1.6.1 Font defs for Latin Modern
)
LaTeX Font Info:    Trying to load font information for OMS+lmsy on input line 
152.

(/usr/local/texlive/2025/texmf-dist/tex/latex/lm/omslmsy.fd
File: omslmsy.fd 2015/05/01 v1.6.1 Font defs for Latin Modern
)
LaTeX Font Info:    Trying to load font information for OMX+lmex on input line 
152.

(/usr/local/texlive/2025/texmf-dist/tex/latex/lm/omxlmex.fd
File: omxlmex.fd 2015/05/01 v1.6.1 Font defs for Latin Modern
)
LaTeX Font Info:    External font `lmex10' loaded for size
(Font)              <10.5> on input line 152.
LaTeX Font Info:    External font `lmex10' loaded for size
(Font)              <7.34996> on input line 152.
LaTeX Font Info:    External font `lmex10' loaded for size
(Font)              <5.25> on input line 152.
LaTeX Font Info:    Trying to load font information for U+msa on input line 152
.

(/usr/local/texlive/2025/texmf-dist/tex/latex/amsfonts/umsa.fd
File: umsa.fd 2013/01/14 v3.01 AMS symbols A
)
LaTeX Font Info:    Trying to load font information for U+msb on input line 152
.

(/usr/local/texlive/2025/texmf-dist/tex/latex/amsfonts/umsb.fd
File: umsb.fd 2013/01/14 v3.01 AMS symbols B
)
LaTeX Font Info:    Trying to load font information for U+rsfs on input line 15
2.

(/usr/local/texlive/2025/texmf-dist/tex/latex/jknapltx/ursfs.fd
File: ursfs.fd 1998/03/24 rsfs font definition file (jk)
)
LaTeX Font Info:    Calculating math sizes for size <16> on input line 152.
LaTeX Font Info:    External font `lmex10' loaded for size
(Font)              <16> on input line 152.
LaTeX Font Info:    External font `lmex10' loaded for size
(Font)              <11.19995> on input line 152.
LaTeX Font Info:    External font `lmex10' loaded for size
(Font)              <8> on input line 152.
 [5] [6

]
(./Main_Miscellaneous/abstract_chs.tex
LaTeX Font Info:    External font `lmex10' loaded for size
(Font)              <12> on input line 11.
LaTeX Font Info:    External font `lmex10' loaded for size
(Font)              <6> on input line 11.
 [1

]
Overfull \hbox (2.0pt too wide) in paragraph at lines 13--13
[][] [] 
 []


Underfull \hbox (badness 10000) in paragraph at lines 13--14

 []


Overfull \hbox (2.0pt too wide) in paragraph at lines 15--15
[][] [] 
 []


Underfull \hbox (badness 10000) in paragraph at lines 15--16

 []

[2]) (./Main_Miscellaneous/abstract_eng.tex [3



]
Overfull \hbox (2.0pt too wide) in paragraph at lines 14--14
[][] [] 
 []


Underfull \hbox (badness 10000) in paragraph at lines 14--15

 []

[4]
Overfull \hbox (2.0pt too wide) in paragraph at lines 16--16
[][] [] 
 []


Underfull \hbox (badness 10000) in paragraph at lines 16--17

 []

) [5] [6

] (./main.toc [7

] [8] [9])
\tf@toc=\write9
\openout9 = `main.toc'.

 [10] (./main.toe [11


] [12] [13])
\tf@toe=\write10
\openout10 = `main.toe'.

 [14]
(./main.gls) [15



] [16

] (./Main_Spine/c1.tex
Chapter 1.
[1

] [2]
Overfull \hbox (1.81754pt too wide) in paragraph at lines 31--32
[]\TU/fzsong.ttf(0)/m/n/12 法 国 原 子 能 和 替 代 能 源 委 员 会  |（\TU/times.ttf(0)/m/n/12
 CEA\TU/fzsong.ttf(0)/m/n/12 ） 、|  法 国 电 力 集 团  |（\TU/times.ttf(0)/m/n/12 EDF\T
U/fzsong.ttf(0)/m/n/12 ）|  和 法 马 通 公 司  |（\TU/times.ttf(0)/m/n/12 Fram-
 []

[3] [4]
Overfull \hbox (3.82144pt too wide) in paragraph at lines 45--46
[]\TU/fzsong.ttf(0)/m/n/12 综 上，|  现 有 燃 料 性 能 分 析 程 序 在 长 期 发 展 过 程 中 形 成 了 不 同
 的 数 值 技 术 路 线。| \TU/times.ttf(0)/m/n/12 FAST\TU/fzsong.ttf(0)/m/n/12 、|
 []

[5]

LaTeX Warning: Citation 'lassmannOXIREDModelRedistribution1987' on page 6 undef
ined on input line 53.

[6] [7] [8] [9]
File: ./Figures/技术路线.png Graphic file (type bmp)
<./Figures/技术路线.png>
) (./Main_Spine/c2.tex [10]
Chapter 2.
[11

] [12] [13]
File: ./Figures/mox_thermal_conductivity_all_models.png Graphic file (type bmp)

<./Figures/mox_thermal_conductivity_all_models.png>
 [14] [15] [16] [17]
File: ./Figures/UO2_MOX_creep.png Graphic file (type bmp)
<./Figures/UO2_MOX_creep.png>
 [18]
Overfull \hbox (8.07869pt too wide) in paragraph at lines 369--371
\TU/fzsong.ttf(0)/m/n/12 芯 块 直 径；| $[][]$ 为 制 造 态 冷 态 燃 料\TU/times.ttf(0)/m/n/1
2 –\TU/fzsong.ttf(0)/m/n/12 包 壳 直 径 间 隙；| $[]$ 为 芯 块 平 均 燃 耗，|  单 位 为 $[]$；|
 []


Overfull \hbox (15.14163pt too wide) in paragraph at lines 378--379
[]\TU/fzsong.ttf(0)/m/n/12 模 型 的 标 定 范 围 为 芯 块 平 均 线 功 率 $[]\OML/lmm/m/it/12 :[
][]$\TU/times.ttf(0)/m/n/12 –$[][] []$ \TU/fzsong.ttf(0)/m/n/12 和 平 均 燃 耗 $[]$\
TU/times.ttf(0)/m/n/12 –$[][][][][] []$\TU/fzsong.ttf(0)/m/n/12 ，|
 []

[19] [20] [21] [22] [23]
File: ./Figures/fission_gas_evolution_editable_preview.png Graphic file (type b
mp)
<./Figures/fission_gas_evolution_editable_preview.png>
 [24] [25] [26]
Underfull \hbox (badness 5274) in paragraph at lines 723--723
[]|\TU/fzsong.ttf(0)/m/n/10.5 回 火 铁 素 体\TU/times.ttf(0)/m/n/10.5 /\TU/fzsong.tt
f(0)/m/n/10.5 马 氏
 []

[27] [28] [29] [30] [31]) (./Main_Spine/c3.tex [32]
Chapter 3.
[33

] [34]
Overfull \hbox (10.73438pt too wide) in alignment at lines 105--105
 [] [] [] 
 []


Overfull \hbox (10.73438pt too wide) in alignment at lines 105--105
 [] [] [] 
 []


Overfull \hbox (10.73438pt too wide) in alignment at lines 105--105
 [] [] [] 
 []


Overfull \hbox (10.73438pt too wide) in alignment at lines 105--105
 [] [] [] 
 []


Overfull \hbox (10.73438pt too wide) in alignment at lines 105--105
 [] [] [] 
 []

[35]
File: ./Figures/Pore_Velocity_Comparison_All_Five.png Graphic file (type bmp)
<./Figures/Pore_Velocity_Comparison_All_Five.png>
 [36]
File: ./Figures/mox_species_vapor_pressure.png Graphic file (type bmp)
<./Figures/mox_species_vapor_pressure.png>
File: ./Figures/mox_total_vapor_pressure.png Graphic file (type bmp)
<./Figures/mox_total_vapor_pressure.png>
 [37]
LaTeX Font Info:    Font shape `TU/times.ttf(0)/bx/n' in size <12> not availabl
e
(Font)              Font shape `TU/times.ttf(0)/b/n' tried instead on input lin
e 177.
LaTeX Font Info:    Font shape `TU/times.ttf(0)/bx/n' in size <8> not available

(Font)              Font shape `TU/times.ttf(0)/b/n' tried instead on input lin
e 177.
LaTeX Font Info:    Font shape `TU/times.ttf(0)/bx/n' in size <6> not available

(Font)              Font shape `TU/times.ttf(0)/b/n' tried instead on input lin
e 177.
 [38] [39] [40]
File: ./Figures/pore_migration_emprical_flow_chart.pdf Graphic file (type pdf)
<use ./Figures/pore_migration_emprical_flow_chart.pdf>
 [41]
File: ./Figures/pore_migration_rand_markin_flow_chart.pdf Graphic file (type pd
f)
<use ./Figures/pore_migration_rand_markin_flow_chart.pdf>
 [42]
File: ./Figures/pore_compare_with_bison.png Graphic file (type bmp)
<./Figures/pore_compare_with_bison.png>
 [43]
File: ./Figures/method_compare.png Graphic file (type bmp)
<./Figures/method_compare.png>
 [44]
File: ./Figures/comparison_plot_case1.png Graphic file (type bmp)
<./Figures/comparison_plot_case1.png>
 [45]
File: ./Figures/comparison_plot_case2.png Graphic file (type bmp)
<./Figures/comparison_plot_case2.png>
 [46] [47]
File: ./Figures/case2_sensitivity_10000_alpha_pore.png Graphic file (type bmp)
<./Figures/case2_sensitivity_10000_alpha_pore.png>
File: ./Figures/case2_sensitivity_10000_alpha_v.png Graphic file (type bmp)
<./Figures/case2_sensitivity_10000_alpha_v.png>
File: ./Figures/case2_sensitivity_15000_alpha_pore.png Graphic file (type bmp)
<./Figures/case2_sensitivity_15000_alpha_pore.png>
File: ./Figures/case2_sensitivity_15000_alpha_v.png Graphic file (type bmp)
<./Figures/case2_sensitivity_15000_alpha_v.png>
File: ./Figures/case2_sensitivity_10000_OM_pore.png Graphic file (type bmp)
<./Figures/case2_sensitivity_10000_OM_pore.png>
File: ./Figures/case2_sensitivity_10000_OM_v.png Graphic file (type bmp)
<./Figures/case2_sensitivity_10000_OM_v.png>
File: ./Figures/case2_sensitivity_15000_OM_pore.png Graphic file (type bmp)
<./Figures/case2_sensitivity_15000_OM_pore.png>
File: ./Figures/case2_sensitivity_15000_OM_v.png Graphic file (type bmp)
<./Figures/case2_sensitivity_15000_OM_v.png>
File: ./Figures/case2_sensitivity_10000_Pu_pore.png Graphic file (type bmp)
<./Figures/case2_sensitivity_10000_Pu_pore.png>
File: ./Figures/case2_sensitivity_10000_Pu_v.png Graphic file (type bmp)
<./Figures/case2_sensitivity_10000_Pu_v.png>
File: ./Figures/case2_sensitivity_15000_Pu_pore.png Graphic file (type bmp)
<./Figures/case2_sensitivity_15000_Pu_pore.png>
File: ./Figures/case2_sensitivity_15000_Pu_v.png Graphic file (type bmp)
<./Figures/case2_sensitivity_15000_Pu_v.png>
File: ./Figures/case2_sensitivity_10000_am_pore.png Graphic file (type bmp)
<./Figures/case2_sensitivity_10000_am_pore.png>
File: ./Figures/case2_sensitivity_10000_am_v.png Graphic file (type bmp)
<./Figures/case2_sensitivity_10000_am_v.png>
File: ./Figures/case2_sensitivity_15000_am_pore.png Graphic file (type bmp)
<./Figures/case2_sensitivity_15000_am_pore.png>
File: ./Figures/case2_sensitivity_15000_am_v.png Graphic file (type bmp)
<./Figures/case2_sensitivity_15000_am_v.png>
File: ./Figures/case2_sensitivity_10000_pressure_pore_pore.png Graphic file (ty
pe bmp)
<./Figures/case2_sensitivity_10000_pressure_pore_pore.png>
File: ./Figures/case2_sensitivity_10000_pressure_pore_v.png Graphic file (type 
bmp)
<./Figures/case2_sensitivity_10000_pressure_pore_v.png>
File: ./Figures/case2_sensitivity_15000_pressure_pore_pore.png Graphic file (ty
pe bmp)
<./Figures/case2_sensitivity_15000_pressure_pore_pore.png>
File: ./Figures/case2_sensitivity_15000_pressure_pore_v.png Graphic file (type 
bmp)
<./Figures/case2_sensitivity_15000_pressure_pore_v.png>
File: ./Figures/case2_sensitivity_10000_v_pore.png Graphic file (type bmp)
<./Figures/case2_sensitivity_10000_v_pore.png>
File: ./Figures/case2_sensitivity_10000_v_v.png Graphic file (type bmp)
<./Figures/case2_sensitivity_10000_v_v.png>
File: ./Figures/case2_sensitivity_15000_v_pore.png Graphic file (type bmp)
<./Figures/case2_sensitivity_15000_v_pore.png>
File: ./Figures/case2_sensitivity_15000_v_v.png Graphic file (type bmp)
<./Figures/case2_sensitivity_15000_v_v.png>
File: ./Figures/case2_sensitivity_10000_P0_pore.png Graphic file (type bmp)
<./Figures/case2_sensitivity_10000_P0_pore.png>
File: ./Figures/case2_sensitivity_10000_P0_v.png Graphic file (type bmp)
<./Figures/case2_sensitivity_10000_P0_v.png>
File: ./Figures/case2_sensitivity_15000_P0_pore.png Graphic file (type bmp)
<./Figures/case2_sensitivity_15000_P0_pore.png>
File: ./Figures/case2_sensitivity_15000_P0_v.png Graphic file (type bmp)
<./Figures/case2_sensitivity_15000_P0_v.png>
 [48] [49]
[50] [51]
LaTeX Font Info:    Calculating math sizes for size <14> on input line 752.
LaTeX Font Info:    External font `lmex10' loaded for size
(Font)              <14> on input line 752.
LaTeX Font Info:    External font `lmex10' loaded for size
(Font)              <9.79996> on input line 752.
LaTeX Font Info:    External font `lmex10' loaded for size
(Font)              <7> on input line 752.
LaTeX Font Info:    Font shape `TU/times.ttf(0)/bx/n' in size <14> not availabl
e
(Font)              Font shape `TU/times.ttf(0)/b/n' tried instead on input lin
e 752.
LaTeX Font Info:    Font shape `TU/times.ttf(0)/bx/n' in size <9.79996> not ava
ilable
(Font)              Font shape `TU/times.ttf(0)/b/n' tried instead on input lin
e 752.
LaTeX Font Info:    Font shape `TU/times.ttf(0)/bx/n' in size <7> not available

(Font)              Font shape `TU/times.ttf(0)/b/n' tried instead on input lin
e 752.


Package hyperref Warning: Token not allowed in a PDF string (Unicode):
(hyperref)                removing `math shift' on input line 752.


Package hyperref Warning: Token not allowed in a PDF string (Unicode):
(hyperref)                removing `subscript' on input line 752.


Package hyperref Warning: Token not allowed in a PDF string (Unicode):
(hyperref)                removing `math shift' on input line 752.

[52] [53]
File: ./Figures/Pu_diffusion_Arrhenius.pdf Graphic file (type pdf)
<use ./Figures/Pu_diffusion_Arrhenius.pdf>
File: ./Figures/Pu_diffusion.pdf Graphic file (type pdf)
<use ./Figures/Pu_diffusion.pdf>
 [54] [55] [56]
File: ./Figures/F_OM_Curve.png Graphic file (type bmp)
<./Figures/F_OM_Curve.png>
 [57]
LaTeX Font Info:    External font `lmex10' loaded for size
(Font)              <9> on input line 857.
LaTeX Font Info:    External font `lmex10' loaded for size
(Font)              <5> on input line 857.
LaTeX Font Info:    Font shape `TU/times.ttf(0)/bx/n' in size <9> not available

(Font)              Font shape `TU/times.ttf(0)/b/n' tried instead on input lin
e 857.
LaTeX Font Info:    Font shape `TU/times.ttf(0)/bx/n' in size <5> not available

(Font)              Font shape `TU/times.ttf(0)/b/n' tried instead on input lin
e 857.
 [58]
Overfull \hbox (1.7013pt too wide) detected at line 919
[][][][][] \OT1/lmr/m/n/12 = [][] []
 []

[59]
File: ./Figures/plutonium_migration_flow_chart.pdf Graphic file (type pdf)
<use ./Figures/plutonium_migration_flow_chart.pdf>
 [60]
Overfull \hbox (3.8301pt too wide) in paragraph at lines 947--948
\TU/fzsong.ttf(0)/m/n/12 界 环 境。|  燃 料 材 料 参 数 采 用 \TU/times.ttf(0)/m/n/12 MOX \
TU/fzsong.ttf(0)/m/n/12 燃 料 的 典 型 热 物 性 参 数，|  其 中 燃 料 密 度 取 $[][][][][] [][]$，
|
 []

File: ./Figures/plutonium_redistribution.png Graphic file (type bmp)
<./Figures/plutonium_redistribution.png>
File: ./Figures/plutonium_redistribution_correction.png Graphic file (type bmp)

<./Figures/plutonium_redistribution_correction.png>
[61]
Overfull \hbox (0.44734pt too wide) in paragraph at lines 1011--1012
[]\TU/fzsong.ttf(0)/m/n/12 为 验 证 程 序 的 计 算 结 果，|  选 取 日 本 \TU/times.ttf(0)/m/n/
12 PHENIX P–3 \TU/fzsong.ttf(0)/m/n/12 试 验 中 的 两 根 \TU/times.ttf(0)/m/n/12 MOX 
\TU/fzsong.ttf(0)/m/n/12 燃 料 棒 \TU/times.ttf(0)/m/n/12 XD0992
 []


Underfull \hbox (badness 10000) in paragraph at lines 1026--1026
[]|\TU/times.ttf(0)/m/n/10.5 BOL
 []


Underfull \hbox (badness 10000) in paragraph at lines 1026--1026
[]|\TU/times.ttf(0)/m/n/10.5 EOL
 []

[62]
File: ./Figures/plutonium_redistribution_xd0992.pdf Graphic file (type pdf)
<use ./Figures/plutonium_redistribution_xd0992.pdf>
File: ./Figures/plutonium_redistribution_xd1071.pdf Graphic file (type pdf)
<use ./Figures/plutonium_redistribution_xd1071.pdf>
File: ./Figures/experiment_diffusion_coefficient_compare.pdf Graphic file (type
 pdf)
<use ./Figures/experiment_diffusion_coefficient_compare.pdf>
File: ./Figures/experiment_temperature_compare.pdf Graphic file (type pdf)
<use ./Figures/experiment_temperature_compare.pdf>
File: ./Figures/plutonium_redistribution_modify_xd1071.pdf Graphic file (type p
df)
<use ./Figures/plutonium_redistribution_modify_xd1071.pdf>
 [63] [64]
File: ./Figures/plutonium_enhance_vs_normal.pdf Graphic file (type pdf)
<use ./Figures/plutonium_enhance_vs_normal.pdf>
File: ./Figures/temperature_grad_350d.png Graphic file (type bmp)
<./Figures/temperature_grad_350d.png>
File: ./Figures/pore_velocity_0_350d.png Graphic file (type bmp)
<./Figures/pore_velocity_0_350d.png>
File: ./Figures/plutonium_diffusion_coeff_350d.png Graphic file (type bmp)
<./Figures/plutonium_diffusion_coeff_350d.png>
File: ./Figures/D_over_lv_350d.png Graphic file (type bmp)
<./Figures/D_over_lv_350d.png>
 [65] [66]
File: ./Figures/plutonium_sensitivity_D.pdf Graphic file (type pdf)
<use ./Figures/plutonium_sensitivity_D.pdf>
File: ./Figures/plutonium_sensitivity_definitation_D.pdf Graphic file (type pdf
)
<use ./Figures/plutonium_sensitivity_definitation_D.pdf>
File: ./Figures/plutonium_sensitivity_E.pdf Graphic file (type pdf)
<use ./Figures/plutonium_sensitivity_E.pdf>
File: ./Figures/plutonium_sensitivity_definitation_E.pdf Graphic file (type pdf
)
<use ./Figures/plutonium_sensitivity_definitation_E.pdf>
File: ./Figures/plutonium_sensitivity_Q.pdf Graphic file (type pdf)
<use ./Figures/plutonium_sensitivity_Q.pdf>
File: ./Figures/plutonium_sensitivity_definitation_Q.pdf Graphic file (type pdf
)
<use ./Figures/plutonium_sensitivity_definitation_Q.pdf>
File: ./Figures/plutonium_sensitivity_q.pdf Graphic file (type pdf)
<use ./Figures/plutonium_sensitivity_q.pdf>
File: ./Figures/plutonium_sensitivity_definitation_q.pdf Graphic file (type pdf
)
<use ./Figures/plutonium_sensitivity_definitation_q.pdf>
File: ./Figures/plutonium_sensitivity_T.pdf Graphic file (type pdf)
<use ./Figures/plutonium_sensitivity_T.pdf>
File: ./Figures/plutonium_sensitivity_definitation_T.pdf Graphic file (type pdf
)
<use ./Figures/plutonium_sensitivity_definitation_T.pdf>
File: ./Figures/plutonium_sensitivity_initial_P.pdf Graphic file (type pdf)
<use ./Figures/plutonium_sensitivity_initial_P.pdf>
File: ./Figures/plutonium_sensitivity_definitation_initial_P.pdf Graphic file (
type pdf)
<use ./Figures/plutonium_sensitivity_definitation_initial_P.pdf>
File: ./Figures/plutonium_sensitivity_pore_diameter.pdf Graphic file (type pdf)

<use ./Figures/plutonium_sensitivity_pore_diameter.pdf>
File: ./Figures/plutonium_sensitivity_definitation_pore_diameter.pdf Graphic fi
le (type pdf)
<use ./Figures/plutonium_sensitivity_definitation_pore_diameter.pdf>
File: ./Figures/plutonium_sensitivity_constant_A.pdf Graphic file (type pdf)
<use ./Figures/plutonium_sensitivity_constant_A.pdf>
File: ./Figures/plutonium_sensitivity_definitation_constant_A.pdf Graphic file 
(type pdf)
<use ./Figures/plutonium_sensitivity_definitation_constant_A.pdf>
 [67] [68] [69]
File: ./Figures/americium_diffusion_coeff.pdf Graphic file (type pdf)
<use ./Figures/americium_diffusion_coeff.pdf>

ignored error: Infinite glue shrinkage found in box being split [70]
File: ./Figures/americium_1-2_power.pdf Graphic file (type pdf)
<use ./Figures/americium_1-2_power.pdf>
File: ./Figures/americium_redistribution_1-2-1.pdf Graphic file (type pdf)
<use ./Figures/americium_redistribution_1-2-1.pdf>
File: ./Figures/americium_redistribution_1-2-2.pdf Graphic file (type pdf)
<use ./Figures/americium_redistribution_1-2-2.pdf>
 [71]
[72] [73] [74] [75]
File: ./Figures/oxygen_diffusion_vs_T.pdf Graphic file (type pdf)
<use ./Figures/oxygen_diffusion_vs_T.pdf>
File: ./Figures/oxygen_diffusion_vs_x.pdf Graphic file (type pdf)
<use ./Figures/oxygen_diffusion_vs_x.pdf>
File: ./Figures/oxygen_boundary_condition_formulation.pdf Graphic file (type pd
f)
<use ./Figures/oxygen_boundary_condition_formulation.pdf>
 [76]
File: ./Figures/oxygen_hypre_redistribution.pdf Graphic file (type pdf)
<use ./Figures/oxygen_hypre_redistribution.pdf>
File: ./Figures/oxygen_hypro_up_redistribution.pdf Graphic file (type pdf)
<use ./Figures/oxygen_hypro_up_redistribution.pdf>
File: ./Figures/oxygen_hypro_low_redistribution.pdf Graphic file (type pdf)
<use ./Figures/oxygen_hypro_low_redistribution.pdf>
File: ./Figures/oxygen_uo2_redistribution.pdf Graphic file (type pdf)
<use ./Figures/oxygen_uo2_redistribution.pdf>
 [77]) (./Main_Spine/c4.tex [78]
Chapter 4.
[79

] [80] [81] [82]
File: ./Figures/J2_yield_surface_principal_stress_space.pdf Graphic file (type 
pdf)
<use ./Figures/J2_yield_surface_principal_stress_space.pdf>
File: ./Figures/J2_yield_surface_deviatoric_plane.pdf Graphic file (type pdf)
<use ./Figures/J2_yield_surface_deviatoric_plane.pdf>
 [83] [84] [85]
File: ./Figures/stress_strain_update.pdf Graphic file (type pdf)
<use ./Figures/stress_strain_update.pdf>
 [86] [87] [88]
File: ./Figures/radial_return_moose.pdf Graphic file (type pdf)
<use ./Figures/radial_return_moose.pdf>
 [89] [90]
Overfull \hbox (8.93764pt too wide) in paragraph at lines 510--511
[]\TU/fzsong.ttf(0)/m/n/12 在 上 述 离 散 形 式 基 础 上，|  可 进 一 步 得 到 晶 界 气 体 累 积 过 程 的
 代 数 表 达。|  根 据 \TU/times.ttf(0)/m/n/12 Forsberg–
 []

[91] [92]
LaTeX Font Info:    Trying to load font information for OT1+lmtt on input line 
562.
 (/usr/local/texlive/2025/texmf-dist/tex/latex/lm/ot1lmtt.fd
File: ot1lmtt.fd 2015/05/01 v1.6.1 Font defs for Latin Modern
)
File: ./Figures/gas_diffusion_forsberg.png Graphic file (type bmp)
<./Figures/gas_diffusion_forsberg.png>
File: ./Figures/gas_diffusion_turnbull.png Graphic file (type bmp)
<./Figures/gas_diffusion_turnbull.png>
 [93]

Package fontspec Info: 
(fontspec)             Script 'CJK' not explicitly supported within font
(fontspec)             'FandolFang-Regular'. Check the typeset output, and if
(fontspec)             it is okay then ignore this warning. Otherwise a
(fontspec)             different font should be chosen.


Package fontspec Info: 
(fontspec)             Font family 'FandolFang-Regular(0)' created for font
(fontspec)             'FandolFang-Regular' with options
(fontspec)             [Script={CJK},Extension={.otf}].
(fontspec)              
(fontspec)              This font family consists of the following NFSS
(fontspec)             series/shapes:
(fontspec)              
(fontspec)             - 'normal' (m/n) with NFSS spec.:
(fontspec)             <->"[FandolFang-Regular.otf]/OT:script=hani;language=dfl
t;"


(/usr/local/texlive/2025/texmf-dist/tex/latex/listings/lstlang1.sty
File: lstlang1.sty 2025/11/14 1.11b listings language file
)
(/usr/local/texlive/2025/texmf-dist/tex/latex/listings/lstlang2.sty
File: lstlang2.sty 2025/11/14 1.11b listings language file
)
(/usr/local/texlive/2025/texmf-dist/tex/latex/listings/lstmisc.sty
File: lstmisc.sty 2025/11/14 1.11b (Carsten Heinz)
) [94]
Package hyperref Info: bookmark level for unknown lstlisting defaults to 0 on i
nput line 641.

Package fontspec Info: 
(fontspec)             Script 'CJK' not explicitly supported within font
(fontspec)             'FandolHei-Regular'. Check the typeset output, and if
(fontspec)             it is okay then ignore this warning. Otherwise a
(fontspec)             different font should be chosen.


Package fontspec Info: 
(fontspec)             Font family 'FandolHei-Regular(0)' created for font
(fontspec)             'FandolHei-Regular' with options
(fontspec)             [Script={CJK},Extension={.otf},BoldFont={FandolHei-Bold}
].
(fontspec)              
(fontspec)              This font family consists of the following NFSS
(fontspec)             series/shapes:
(fontspec)              
(fontspec)             - 'normal' (m/n) with NFSS spec.:
(fontspec)             <->"[FandolHei-Regular.otf]/OT:script=hani;language=dflt
;"
(fontspec)             - 'bold' (b/n) with NFSS spec.:
(fontspec)             <->"[FandolHei-Bold.otf]/OT:script=hani;language=dflt;"


Missing character: There is no − (U+2212) in font [Materials/Fonts/times.ttf]/O
T:language=dflt;mapping=tex-text;!
Missing character: There is no − (U+2212) in font [Materials/Fonts/times.ttf]/O
T:language=dflt;mapping=tex-text;!
Missing character: There is no − (U+2212) in font [Materials/Fonts/times.ttf]/O
T:language=dflt;mapping=tex-text;!
Missing character: There is no − (U+2212) in font [Materials/Fonts/times.ttf]/O
T:language=dflt;mapping=tex-text;!
Missing character: There is no − (U+2212) in font [Materials/Fonts/times.ttf]/O
T:language=dflt;mapping=tex-text;!
Missing character: There is no − (U+2212) in font [Materials/Fonts/times.ttf]/O
T:language=dflt;mapping=tex-text;!
Missing character: There is no − (U+2212) in font [Materials/Fonts/times.ttf]/O
T:language=dflt;mapping=tex-text;!
File: ./Figures/coupled_sciantix.pdf Graphic file (type pdf)
<use ./Figures/coupled_sciantix.pdf>
[95] [96]
Overfull \hbox (36.56268pt too wide) in paragraph at lines 698--699
[]|\TU/fzsong.ttf(0)/m/it/12 （\TU/times.ttf(0)/m/n/12 3\TU/fzsong.ttf(0)/m/it/1
2 ）|  自 动 生 成 边 界 条 件。|  根 据 用 户 指 定 的 导 热 模 型 类 型  |（如 默 认 \TU/lmtt/m/n/12 Gap
PerfectConductance
 []

File: ./Figures/thermal_contact.pdf Graphic file (type pdf)
<use ./Figures/thermal_contact.pdf>
[97]
File: ./Figures/coupled_sciantix_with_gap.pdf Graphic file (type pdf)
<use ./Figures/coupled_sciantix_with_gap.pdf>
 [98] [99]
File: ./Figures/creep_flow_chat.pdf Graphic file (type pdf)
<use ./Figures/creep_flow_chat.pdf>
File: ./Figures/creep_case.pdf Graphic file (type pdf)
<use ./Figures/creep_case.pdf>
File: ./Figures/ht9_creep_MFH.png Graphic file (type bmp)
<./Figures/ht9_creep_MFH.png>
File: ./Figures/ht9_creep_RKY.png Graphic file (type bmp)
<./Figures/ht9_creep_RKY.png>
 [100]
File: ./Figures/ss316_creep_complex.png Graphic file (type bmp)
<./Figures/ss316_creep_complex.png>
File: ./Figures/ss316_creep_bison.png Graphic file (type bmp)
<./Figures/ss316_creep_bison.png>
File: ./Figures/d9_creep.png Graphic file (type bmp)
<./Figures/d9_creep.png>
 [101] [102]
File: ./Figures/hardening_case.pdf Graphic file (type pdf)
<use ./Figures/hardening_case.pdf>
 [103]
File: ./Figures/hardening_flow_chat.pdf Graphic file (type pdf)
<use ./Figures/hardening_flow_chat.pdf>
File: ./Figures/D9_hardening_verify.png Graphic file (type bmp)
<./Figures/D9_hardening_verify.png>

Overfull \hbox (9.71773pt too wide) in paragraph at lines 913--914
 [][] 
 []

File: ./Figures/HT9_hardening_verify.png Graphic file (type bmp)
<./Figures/HT9_hardening_verify.png>

Overfull \hbox (10.05916pt too wide) in paragraph at lines 920--921
 [][] 
 []

File: ./Figures/SS316_hardening_verify.png Graphic file (type bmp)
<./Figures/SS316_hardening_verify.png>
[104]
File: ./Figures/ForMas_temperature_history.pdf Graphic file (type pdf)
<use ./Figures/ForMas_temperature_history.pdf>
 [105]
File: ./Figures/Gb_Gs.pdf Graphic file (type pdf)
<use ./Figures/Gb_Gs.pdf>
File: ./Figures/gas_released_density.pdf Graphic file (type pdf)
<use ./Figures/gas_released_density.pdf>
File: ./Figures/Gb_Gs_compare.pdf Graphic file (type pdf)
<use ./Figures/Gb_Gs_compare.pdf>
File: ./Figures/gas_released_density_compare.pdf Graphic file (type pdf)
<use ./Figures/gas_released_density_compare.pdf>
 [106] [107]
File: ./Figures/academic_fgr_bark.png Graphic file (type bmp)
<./Figures/academic_fgr_bark.png>
File: ./Figures/academic_swelling_bark.png Graphic file (type bmp)
<./Figures/academic_swelling_bark.png>

Overfull \hbox (10.8185pt too wide) in paragraph at lines 1052--1071
[]\TU/fzsong.ttf(0)/m/it/12 综 上，|  四 类 代 表 性 算 例 从 晶 内、|  晶 界、|  组 织 演 化 和 热 化 
学 行 为 等 不 同 层 面 对 \TU/times.ttf(0)/m/n/12 SCIANTIX
 []

File: ./Figures/academic_fgr_white.png Graphic file (type bmp)
<./Figures/academic_fgr_white.png>
File: ./Figures/academic_swelling_white.png Graphic file (type bmp)
<./Figures/academic_swelling_white.png>
File: ./Figures/academic_fgr_hbs.png Graphic file (type bmp)
<./Figures/academic_fgr_hbs.png>
File: ./Figures/academic_swelling_hbs.png Graphic file (type bmp)
<./Figures/academic_swelling_hbs.png>
File: ./Figures/academic_deviation.png Graphic file (type bmp)
<./Figures/academic_deviation.png>
[108] [109]
File: ./Figures/academic_verification_plot.png Graphic file (type bmp)
<./Figures/academic_verification_plot.png>
 [110]) (./Main_Spine/c5.tex [111] [112]
Chapter 5.
[113

]
ignored error: Infinite glue shrinkage found in box being split [114] [115]
[116]
Overfull \hbox (8.5001pt too wide) in paragraph at lines 145--146
[]\TU/fzsong.ttf(0)/m/it/12 在 本 文 程 序 中，| \TU/times.ttf(0)/m/n/12 SCIANTIX \TU/
fzsong.ttf(0)/m/it/12 通 过 动 态 链 接 库 形 式 与 \TU/times.ttf(0)/m/n/12 MOOSE \TU/fzs
ong.ttf(0)/m/it/12 主 程 序 进 行 耦 合。| \TU/times.ttf(0)/m/n/12 MOOSE
 []

[117] [118]
Overfull \hbox (3.35332pt too wide) in paragraph at lines 159--172
\TU/lmtt/m/n/12 PiecewiseMultilinear \TU/fzsong.ttf(0)/m/it/12 函 数 读 入。|  在 计 算
 过 程 中，|  程 序 基 于 上 述 功 率 函 数，|  通 过 \TU/lmtt/m/n/12 Fission
 []


Overfull \hbox (6.4208pt too wide) in paragraph at lines 173--174
\TU/lmtt/m/n/12 Source \TU/fzsong.ttf(0)/m/it/12 以 裂 变 率 为 热 源 输 入，|  实 现 裂 变 率
 到 体 热 源 的 转 换。|  燃 料 热 物 性 由 \TU/lmtt/m/n/12 MAMOXThermal\TU/fzsong.ttf(0)/m/i
t/12 、|
 []


Overfull \hbox (14.36624pt too wide) in paragraph at lines 175--176
\TU/lmtt/m/n/12 FluidProperties \TU/fzsong.ttf(0)/m/it/12 提 供 水 物 性，| \TU/lmtt/
m/n/12 InletEnthalpyAux \TU/fzsong.ttf(0)/m/it/12 计 算 入 口 热 力 学 状 态 $[]$，| \TU/
lmtt/m/n/12 CoolantPerAux
 []

[119]
File: ./Figures/moose_fuel_rod_flowchart_editable.pdf Graphic file (type pdf)
<use ./Figures/moose_fuel_rod_flowchart_editable.pdf>
 [120] [121]
File: ./Figures/IFA-597-4-5-6-7r10.pdf Graphic file (type pdf)
<use ./Figures/IFA-597-4-5-6-7r10.pdf>
File: ./Figures/IFA-597-4-5-6-7r11.pdf Graphic file (type pdf)
<use ./Figures/IFA-597-4-5-6-7r11.pdf>
File: ./Figures/IFA-606.pdf Graphic file (type pdf)
<use ./Figures/IFA-606.pdf>
File: ./Figures/IFA-610-2.pdf Graphic file (type pdf)
<use ./Figures/IFA-610-2.pdf>
File: ./Figures/IFA-610-4.pdf Graphic file (type pdf)
<use ./Figures/IFA-610-4.pdf>
File: ./Figures/IFA-629-1r1.pdf Graphic file (type pdf)
<use ./Figures/IFA-629-1r1.pdf>
File: ./Figures/IFA-629-1r2.pdf Graphic file (type pdf)
<use ./Figures/IFA-629-1r2.pdf>
 [122]
File: ./Figures/IFA-648-r1.pdf Graphic file (type pdf)
<use ./Figures/IFA-648-r1.pdf>
File: ./Figures/IFA-648-r2.pdf Graphic file (type pdf)
<use ./Figures/IFA-648-r2.pdf>
File: ./Figures/IFA-629.3r5.pdf Graphic file (type pdf)
<use ./Figures/IFA-629.3r5.pdf>
File: ./Figures/IFA-629.3r6.pdf Graphic file (type pdf)
<use ./Figures/IFA-629.3r6.pdf>
File: ./Figures/IFA-651-r1.pdf Graphic file (type pdf)
<use ./Figures/IFA-651-r1.pdf>
File: ./Figures/IFA-651-r3.pdf Graphic file (type pdf)
<use ./Figures/IFA-651-r3.pdf>
File: ./Figures/IFA-651-r6.pdf Graphic file (type pdf)
<use ./Figures/IFA-651-r6.pdf>
 [123] [124] [125] [126] [127]
File: ./Figures/IFA-597-4-5-6-7r11/IFA-597-4-5-6-7r11_temperature_fuel_thermal_
conductivity_alpha_comparison.pdf Graphic file (type pdf)
<use ./Figures/IFA-597-4-5-6-7r11/IFA-597-4-5-6-7r11_temperature_fuel_thermal_c
onductivity_alpha_comparison.pdf>
File: ./Figures/IFA-597-4-5-6-7r11/IFA-597-4-5-6-7r11_temperature_gap_conductiv
ity_alpha_comparison.pdf Graphic file (type pdf)
<use ./Figures/IFA-597-4-5-6-7r11/IFA-597-4-5-6-7r11_temperature_gap_conductivi
ty_alpha_comparison.pdf>
File: ./Figures/IFA-597-4-5-6-7r11/IFA-597-4-5-6-7r11_temperature_geometricstru
cture_alpha_comparison.pdf Graphic file (type pdf)
<use ./Figures/IFA-597-4-5-6-7r11/IFA-597-4-5-6-7r11_temperature_geometricstruc
ture_alpha_comparison.pdf>
 [128] [129]
File: ./Figures/IFA-597-4-5-6-7r10/IFA-597-4-5-6-7r10_temperature_fuel_thermal_
conductivity_alpha_comparison.pdf Graphic file (type pdf)
<use ./Figures/IFA-597-4-5-6-7r10/IFA-597-4-5-6-7r10_temperature_fuel_thermal_c
onductivity_alpha_comparison.pdf>
File: ./Figures/IFA-597-4-5-6-7r10/IFA-597-4-5-6-7r10_temperature_gap_conductiv
ity_alpha_comparison.pdf Graphic file (type pdf)
<use ./Figures/IFA-597-4-5-6-7r10/IFA-597-4-5-6-7r10_temperature_gap_conductivi
ty_alpha_comparison.pdf>
File: ./Figures/IFA-597-4-5-6-7r10/IFA-597-4-5-6-7r10_temperature_geometricstru
cture_alpha_comparison.pdf Graphic file (type pdf)
<use ./Figures/IFA-597-4-5-6-7r10/IFA-597-4-5-6-7r10_temperature_geometricstruc
ture_alpha_comparison.pdf>
 [130]
File: ./Figures/IFA-651-r1/IFA-651-r1_temperature_fuel_thermal_conductivity_alp
ha_comparison.pdf Graphic file (type pdf)
<use ./Figures/IFA-651-r1/IFA-651-r1_temperature_fuel_thermal_conductivity_alph
a_comparison.pdf>
File: ./Figures/IFA-651-r1/IFA-651-r1_temperature_gap_conductivity_alpha_compar
ison.pdf Graphic file (type pdf)
<use ./Figures/IFA-651-r1/IFA-651-r1_temperature_gap_conductivity_alpha_compari
son.pdf>

[131]
File: ./Figures/IFA-651-r1/IFA-651-r1_temperature_geometricstructure_alpha_comp
arison.pdf Graphic file (type pdf)
<use ./Figures/IFA-651-r1/IFA-651-r1_temperature_geometricstructure_alpha_compa
rison.pdf>
File: ./Figures/IFA-651-r3/IFA-651-r3_temperature_fuel_thermal_conductivity_alp
ha_comparison.pdf Graphic file (type pdf)
<use ./Figures/IFA-651-r3/IFA-651-r3_temperature_fuel_thermal_conductivity_alph
a_comparison.pdf>
File: ./Figures/IFA-651-r3/IFA-651-r3_temperature_gap_conductivity_alpha_compar
ison.pdf Graphic file (type pdf)
<use ./Figures/IFA-651-r3/IFA-651-r3_temperature_gap_conductivity_alpha_compari
son.pdf>
File: ./Figures/IFA-651-r3/IFA-651-r3_temperature_geometricstructure_alpha_comp
arison.pdf Graphic file (type pdf)
<use ./Figures/IFA-651-r3/IFA-651-r3_temperature_geometricstructure_alpha_compa
rison.pdf>
 [132

] [133]
File: ./Figures/IFA-651-r6/IFA-651-r6_temperature_fuel_thermal_conductivity_alp
ha_comparison.pdf Graphic file (type pdf)
<use ./Figures/IFA-651-r6/IFA-651-r6_temperature_fuel_thermal_conductivity_alph
a_comparison.pdf>
File: ./Figures/IFA-651-r6/IFA-651-r6_temperature_gap_conductivity_alpha_compar
ison.pdf Graphic file (type pdf)
<use ./Figures/IFA-651-r6/IFA-651-r6_temperature_gap_conductivity_alpha_compari
son.pdf>
File: ./Figures/IFA-651-r6/IFA-651-r6_temperature_geometristructure_alpha_compa
rison.pdf Graphic file (type pdf)
<use ./Figures/IFA-651-r6/IFA-651-r6_temperature_geometristructure_alpha_compar
ison.pdf>

ignored error: Infinite glue shrinkage found in box being split [134] [135]
[136]) (./Main_Spine/c6.tex [137] [138]
Chapter 6.
[139

] [140]
File: ./Figures/mesh_sensitivity/max_temperature_history.png Graphic file (type
 bmp)
<./Figures/mesh_sensitivity/max_temperature_history.png>
File: ./Figures/mesh_sensitivity/max_abs_disp_r_history.png Graphic file (type 
bmp)
<./Figures/mesh_sensitivity/max_abs_disp_r_history.png>
File: ./Figures/mesh_sensitivity/max_abs_disp_z_history.png Graphic file (type 
bmp)
<./Figures/mesh_sensitivity/max_abs_disp_z_history.png>
 [141] [142] [143] [144] [145] [146]
Underfull \hbox (badness 10000) in paragraph at lines 592--592
[]|\TU/fzsong.ttf(0)/m/n/10.5 盲 测 最 大
 []

[147]
File: ./Figures/pod_lstm/formal_pod_rank_scan.png Graphic file (type bmp)
<./Figures/pod_lstm/formal_pod_rank_scan.png>
 [148]
Missing character: There is no ^^S (U+0013) in font [Materials/Fonts/times.ttf]
/OT:language=dflt;mapping=tex-text;!
[149] [150]
File: ./Figures/pod_gpr/case_pf10375_temperature_K_gpr_2d_comparison.png Graphi
c file (type bmp)
<./Figures/pod_gpr/case_pf10375_temperature_K_gpr_2d_comparison.png>
File: ./Figures/pod_gpr/case_pf10375_disp_r_gpr_maximum_error_2d.png Graphic fi
le (type bmp)
<./Figures/pod_gpr/case_pf10375_disp_r_gpr_maximum_error_2d.png>

Overfull \hbox (2.22618pt too wide) in paragraph at lines 750--751
[]\TU/fzsong.ttf(0)/m/it/12 图[]\TU/times.ttf(0)/m/n/12 6-5[]\TU/fzsong.ttf(0)/m
/it/12 给 出 了 轴 向 位 移 场 在 最 大 重 构 误 差 时 刻 的 二 维 分 布。|  该 时 刻 同 样 为 $[] \OT1/lmr/
m/n/12 = []\OML/lmm/m/it/12 :[][][] \OMS/lmsy/m/n/12 ^^B
 []

[151]
File: ./Figures/pod_gpr/case_pf10375_disp_z_baseline_maximum_error_2d.png Graph
ic file (type bmp)
<./Figures/pod_gpr/case_pf10375_disp_z_baseline_maximum_error_2d.png>
 [152] [153] [154] [155]
File: ./Figures/pod_lstm/power_history_overview.png Graphic file (type bmp)
<./Figures/pod_lstm/power_history_overview.png>
File: ./Figures/pod_lstm/training_validation_loss.png Graphic file (type bmp)
<./Figures/pod_lstm/training_validation_loss.png>
 [156] [157]
File: ./Figures/pod_lstm/blind_case_mean_relative_l2.png Graphic file (type bmp
)
<./Figures/pod_lstm/blind_case_mean_relative_l2.png>
File: ./Figures/pod_lstm/blind_error_history_temperature.png Graphic file (type
 bmp)
<./Figures/pod_lstm/blind_error_history_temperature.png>
File: ./Figures/pod_lstm/blind_error_history_disp_r.png Graphic file (type bmp)

<./Figures/pod_lstm/blind_error_history_disp_r.png>
File: ./Figures/pod_lstm/blind_error_history_disp_z.png Graphic file (type bmp)

<./Figures/pod_lstm/blind_error_history_disp_z.png>
 [158] [159]
File: ./Figures/pod_lstm/blind_full_field_comparison.png Graphic file (type bmp
)
<./Figures/pod_lstm/blind_full_field_comparison.png>
 [160]
File: ./Figures/pod_lstm/online_power_and_response_histories.png Graphic file (
type bmp)
<./Figures/pod_lstm/online_power_and_response_histories.png>
 [161]
File: ./Figures/pod_lstm/online_representative_2d_fields.png Graphic file (type
 bmp)
<./Figures/pod_lstm/online_representative_2d_fields.png>
 [162]
[163] [164]) (./Main_Spine/c7.tex [165]
Chapter 7.
[166

] [167] [168]) [169] (./Main_Miscellaneous/acknowledegment.tex) [170


]
LaTeX Font Info:    External font `lmex10' loaded for size
(Font)              <10.53937> on input line 188.
LaTeX Font Info:    Font shape `TU/times.ttf(0)/bx/n' in size <10.53937> not av
ailable
(Font)              Font shape `TU/times.ttf(0)/b/n' tried instead on input lin
e 188.

[171


] [172] [173] [174] [175] [176] [177] [178] [179] [180] [181] [182]
[183] [184] [185]
\l_tmpa_count=\count643
 (./Main_Miscellaneous/appendix_a.tex
附录 附录A.

Overfull \hbox (10.38103pt too wide) in paragraph at lines 117--117
[]|\TU/lmtt/m/n/10.5 sciantix_iGrainBoundaryVacancyDiffusivity|  
 []

[186


]
ignored error: Infinite glue shrinkage found in box being split [187]
(/usr/local/texlive/2025/texmf-dist/tex/latex/listings/lstlang1.sty
File: lstlang1.sty 2025/11/14 1.11b listings language file
)
(/usr/local/texlive/2025/texmf-dist/tex/latex/listings/lstlang1.sty
File: lstlang1.sty 2025/11/14 1.11b listings language file
)
(/usr/local/texlive/2025/texmf-dist/tex/latex/listings/lstmisc.sty
File: lstmisc.sty 2025/11/14 1.11b (Carsten Heinz)
)
LaTeX Font Info:    Font shape `TU/lmtt/bx/n' in size <10.5> not available
(Font)              Font shape `TU/lmtt/b/n' tried instead on input line 135.
 [188])
(./Main_Miscellaneous/appendix_b.tex [189]
附录 附录B.
[190

] [191]
Overfull \hbox (4.38306pt too wide) detected at line 67
[][][][]\OML/lmm/m/it/12 =[] \OT1/lmr/m/n/12 = [] + [] \OMS/lmsy/m/n/12 ^^@ [][
]
 []

[192]
ignored error: Infinite glue shrinkage found in box being split [193] [194]
[195] [196] [197])
(./Main_Miscellaneous/appendix_mox_thermomechanical_models.tex [198]
附录 附录C.
[199

] [200] [201] [202] [203] [204])
(./Main_Miscellaneous/appendix_cladding_incore_models.tex [205]
附录 附录D.
[206

] [207] [208] [209] [210] [211] [212] [213] [214])
(./Main_Miscellaneous/appendix_gap_heat_transfer_models.tex [215]
附录 附录E.
[216

] [217] [218] [219]) [220] (./Main_Miscellaneous/achievement.tex) [221

]
(./Main_Miscellaneous/decision.tex
Overfull \hbox (1.52652pt too wide) in paragraph at lines 12--13
[]\TU/fzsong.ttf(0)/m/it/12 论 文 工 作 表 明 作 者 在 \TU/times.ttf(0)/m/n/12 ××××× \TU
/fzsong.ttf(0)/m/it/12 具 有 \TU/times.ttf(0)/m/n/12 ××××× \TU/fzsong.ttf(0)/m/it
/12 知 识，|  具 有 \TU/times.ttf(0)/m/n/12 ××××× \TU/fzsong.ttf(0)/m/it/12 能 力，|  论
 文 \TU/times.ttf(0)/m/n/12 ××××××××××\TU/fzsong.ttf(0)/m/it/12 ，|
 []

) [222


] [223


] [224

] (./main.aux)
 ***********
LaTeX2e <2025-11-01>
L3 programming layer <2022/08/05>
 ***********


LaTeX Font Warning: Some font shapes were not available, defaults substituted.


LaTeX Warning: There were undefined references.


Package biblatex Warning: Please (re)run Biber on the file:
(biblatex)                main
(biblatex)                and rerun LaTeX afterwards.

Package logreq Info: Writing requests to 'main.run.xml'.
\openout1 = `main.run.xml'.

 ) 
Here is how much of TeX's memory you used:
 69556 strings out of 468179
 1628161 string characters out of 5433206
 2938637 words of memory out of 5000000
 96902 multiletter control sequences out of 15000+600000
 742022 words of font info for 308 fonts, out of 8000000 for 9000
 1348 hyphenation exceptions out of 8191
 117i,20n,131p,2473b,7396s stack positions out of 10000i,1000n,20000p,200000b,200000s

Output written on main.pdf (246 pages).
